Index;X;Y;GT_Label;Predicted_Label
0;0.002223;0.166285;0;0
1;0.008153;0.172078;0;0
2;0.012202;0.158844;0;0
3;0.022187000000000002;0.155365;0;0
4;0.025503;0.16813699999999998;0;0
5;0.032267000000000004;0.148534;0;0
6;0.036;0.162252;0;0
7;0.040451999999999995;0.135824;0;0
8;0.04335;0.159861;0;0
9;0.044185;0.15143299999999998;0;0
10;0.047237;0.161519;0;0
11;0.048655000000000004;0.12981700000000002;0;0
12;0.048878;0.14396199999999998;0;0
13;0.05222;0.21168;0;0
14;0.055048;0.11691800000000001;0;0
15;0.055847;0.18293299999999998;0;0
16;0.059579999999999994;0.114955;0;0
17;0.061553;0.166245;0;0
18;0.06314700000000001;0.18162999999999999;0;0
19;0.064077;0.19438699999999998;0;0
20;0.064322;0.102941;0;0
21;0.065567;0.22455799999999998;0;0
22;0.06615700000000001;0.133438;0;0
23;0.0675;0.179835;0;0
24;0.068008;0.226796;0;0
25;0.06844;0.1704;0;0
26;0.06866;0.227122;0;0
27;0.06927;0.147695;0;0
28;0.07102;0.21049;0;0
29;0.071268;0.106445;0;0
30;0.072378;0.229187;0;0
31;0.0731;0.124252;0;0
32;0.073497;0.12020399999999999;0;0
33;0.074533;0.226181;0;0
34;0.075837;0.20711300000000002;0;0
35;0.07648200000000001;0.22283899999999998;0;0
36;0.07756;0.204717;0;0
37;0.078562;0.175964;0;0
38;0.081187;0.15682000000000001;0;0
39;0.081568;0.10639900000000001;0;0
40;0.082413;0.24823;0;0
41;0.083455;0.197377;0;0
42;0.084142;0.16153499999999998;0;0
43;0.08532200000000001;0.241892;0;0
44;0.08609;0.195628;0;0
45;0.087337;0.1079;0;0
46;0.089075;0.250198;0;0
47;0.08936000000000001;0.226608;0;0
48;0.09024;0.23820999999999998;0;0
49;0.091008;0.136622;0;0
50;0.09270700000000001;0.165522;0;0
51;0.093307;0.184606;0;0
52;0.094223;0.204046;0;0
53;0.095047;0.117355;0;0
54;0.096542;0.129847;0;0
55;0.09778300000000001;0.20416800000000002;0;0
56;0.098368;0.196737;0;0
57;0.099477;0.23558099999999998;0;0
58;0.09980800000000001;0.146703;0;0
59;0.100225;0.19001800000000002;0;0
60;0.101953;0.075205;0;0
61;0.10283800000000001;0.255519;0;0
62;0.103718;0.094162;0;0
63;0.104075;0.220759;0;0
64;0.10493499999999999;0.154475;0;0
65;0.10536199999999998;0.08039400000000001;0;0
66;0.108445;0.166463;0;0
67;0.10907;0.267237;0;0
68;0.110723;0.15700799999999998;0;0
69;0.11126199999999999;0.11400899999999999;0;0
70;0.11161800000000001;0.16464700000000002;0;0
71;0.112055;0.238337;0;0
72;0.11322;0.115397;0;0
73;0.113988;0.133102;0;0
74;0.11482200000000001;0.166626;0;0
75;0.115423;0.071116;0;0
76;0.11685699999999999;0.109075;0;0
77;0.11754300000000001;0.109227;0;0
78;0.11823;0.26763400000000004;0;0
79;0.12003499999999999;0.257741;0;0
80;0.121073;0.26408899999999996;0;0
81;0.12142;0.08342000000000001;0;0
82;0.121715;0.24216700000000002;0;0
83;0.1221;0.215327;0;0
84;0.123205;0.158254;0;0
85;0.123473;0.165944;0;0
86;0.124008;0.235046;0;0
87;0.124675;0.13283299999999998;0;0
88;0.12499;0.24055;0;0
89;0.125595;0.075557;0;0
90;0.12692799999999999;0.09084600000000001;0;0
91;0.127298;0.21013400000000002;0;0
92;0.128795;0.26665700000000003;0;0
93;0.12908499999999998;0.27213000000000004;0;0
94;0.129648;0.060877;0;0
95;0.129995;0.142771;0;0
96;0.131235;0.087418;0;0
97;0.131877;0.23060100000000003;0;0
98;0.132395;0.058497;0;0
99;0.13299;0.148376;0;0
100;0.13381500000000002;0.271662;0;0
101;0.1344;0.26970900000000003;0;0
102;0.134695;0.148748;0;0
103;0.134995;0.16384400000000002;0;0
104;0.136428;0.270813;0;0
105;0.13658199999999998;0.049744;0;0
106;0.13764500000000002;0.17868599999999998;0;0
107;0.138503;0.057119;0;0
108;0.139212;0.201513;0;0
109;0.140335;0.096085;0;0
110;0.140853;0.11218299999999999;0;0
111;0.140987;0.14285799999999998;0;0
112;0.141322;0.05800399999999999;0;0
113;0.14222200000000002;0.104268;0;0
114;0.142532;0.27169299999999996;0;0
115;0.143372;0.09612000000000001;0;0
116;0.144038;0.252752;0;0
117;0.14490799999999998;0.257502;0;0
118;0.146042;0.262863;0;0
119;0.14649;0.15798399999999999;0;0
120;0.14694200000000002;0.26970900000000003;0;0
121;0.147705;0.242416;0;0
122;0.148057;0.173599;0;0
123;0.148397;0.049825;0;0
124;0.14859;0.265559;0;0
125;0.149307;0.149099;0;0
126;0.14943499999999998;0.262873;0;0
127;0.149577;0.162847;0;0
128;0.150283;0.075775;0;0
129;0.151998;0.269043;0;0
130;0.152425;0.074672;0;0
131;0.152745;0.119314;0;0
132;0.153203;0.136459;0;0
133;0.154297;0.259374;0;0
134;0.15479500000000002;0.013829;0;0
135;0.155548;0.24853499999999998;0;0
136;0.15641300000000002;0.15678399999999998;0;0
137;0.1577;0.18023699999999998;0;0
138;0.158045;0.135442;0;0
139;0.158412;0.20183800000000002;0;0
140;0.158558;0.057378;0;0
141;0.158717;0.035268;0;0
142;0.158838;0.02036;0;0
143;0.159252;0.10381099999999999;0;0
144;0.16009;0.019714;0;0
145;0.16023800000000002;0.124654;0;0
146;0.161148;0.00561;0;0
147;0.161438;0.187526;0;0
148;0.161825;0.20988;0;0
149;0.162222;0.173604;0;0
150;0.163025;0.32164499999999996;0;0
151;0.16326300000000002;0.323705;0;0
152;0.163752;0.031076999999999997;0;0
153;0.164347;0.132431;0;0
154;0.164617;0.276408;0;0
155;0.165202;0.01354;0;0
156;0.166153;0.273219;0;0
157;0.166525;0.038574000000000004;0;0
158;0.16688;0.022639;0;0
159;0.167379;0.097015;0;0
160;0.167648;0.048691000000000005;0;0
161;0.16789300000000001;0.262705;0;0
162;0.16891;0.149475;0;0
163;0.16922;0.029704;0;0
164;0.169373;0.2214;0;0
165;0.169973;0.13265;0;0
166;0.170146;0.28881799999999996;0;0
167;0.170843;0.130768;0;0
168;0.1713;0.10748800000000001;0;0
169;0.17169700000000002;0.24422199999999997;0;0
170;0.1722;0.31342600000000004;0;0
171;0.17286700000000002;0.29021199999999997;0;0
172;0.173482;0.137746;0;0
173;0.173894;0.28320300000000004;0;0
174;0.174484;0.30305;0;0
175;0.175023;0.019735;0;0
176;0.175441;0.19473800000000002;0;0
177;0.17565899999999998;0.015259;0;0
178;0.175949;0.071462;0;0
179;0.176468;0.168035;0;0
180;0.177333;0.106466;0;0
181;0.178451;0.267955;0;0
182;0.17862999999999998;0.11754400000000001;0;0
183;0.17910299999999998;0.16753099999999999;0;0
184;0.17944300000000002;0.197678;0;0
185;0.1801;0.025615;0;0
186;0.180247;0.032247000000000005;0;0
187;0.180776;0.21821100000000002;0;0
188;0.182256;0.30432600000000004;0;0
189;0.182785;0.055303;0;0
190;0.183355;0.239125;0;0
191;0.18365499999999998;0.235265;0;0
192;0.18418900000000002;0.22662399999999996;0;0
193;0.184367;0.10525999999999999;0;0
194;0.18526199999999998;0.14966300000000002;0;0
195;0.185791;0.11588499999999999;0;0
196;0.186513;0.20786500000000002;0;0
197;0.18695599999999998;0.214071;0;0
198;0.187871;0.177622;0;0
199;0.188604;0.025491999999999997;0;0
200;0.18876600000000002;0.080795;0;0
201;0.18953499999999998;0.284475;0;0
202;0.19001800000000002;0.28982600000000003;0;0
203;0.190272;0.195384;0;0
204;0.19046;0.051753;0;0
205;0.191218;0.139018;0;0
206;0.19224000000000002;0.046346;0;0
207;0.19287100000000001;0.04537;0;0
208;0.193268;0.253932;0;0
209;0.193588;0.055425;0;0
210;0.194214;0.19664;0;0
211;0.194672;0.20108499999999999;0;0
212;0.195409;0.155182;0;0
213;0.19588699999999998;0.075022;0;0
214;0.196096;0.229039;0;0
215;0.196269;0.242121;0;0
216;0.196543;0.08635;0;0
217;0.197154;0.16961199999999999;0;0
218;0.197825;0.206304;0;0
219;0.19805899999999999;0.109482;0;0
220;0.198568;0.297846;0;0
221;0.198985;0.285929;0;0
222;0.199473;0.24194899999999997;0;0
223;0.200277;0.119609;0;0
224;0.200495;0.262716;0;0
225;0.200826;0.29549200000000003;0;0
226;0.201309;0.245682;0;0
227;0.201904;0.188054;0;0
228;0.202352;0.20766199999999999;0;0
229;0.203145;0.153804;0;0
230;0.203623;0.261439;0;0
231;0.204091;0.059479;0;0
232;0.20506300000000002;0.23730500000000002;0;0
233;0.205938;0.184799;0;0
234;0.207123;0.18820699999999999;0;0
235;0.20820100000000002;0.07155299999999999;0;0
236;0.208639;0.243698;0;0
237;0.20893299999999998;0.17615799999999998;0;0
238;0.20954899999999999;0.148397;0;0
239;0.210317;0.114777;0;0
240;0.21156799999999998;0.22482800000000003;0;0
241;0.21284;0.073171;0;0
242;0.21326199999999998;0.261454;0;0
243;0.21381599999999998;0.204569;0;0
244;0.214625;0.138509;0;0
245;0.216604;0.112971;0;0
246;0.21773299999999998;0.119298;0;0
247;0.21838400000000002;0.192378;0;0
248;0.218892;0.19053699999999998;0;0
249;0.21998099999999998;0.181056;0;0
250;0.22102399999999997;0.209117;0;0
251;0.22181199999999998;0.072876;0;0
252;0.22234099999999998;0.263829;0;0
253;0.2229;0.232229;0;0
254;0.223592;0.174062;0;0
255;0.224823;0.243693;0;0
256;0.225266;0.164251;0;0
257;0.226252;0.06365499999999999;0;0
258;0.226832;0.103353;0;0
259;0.227239;0.24234;0;0
260;0.2285;0.159393;0;0
261;0.229014;0.179855;0;0
262;0.23032600000000003;0.240321;0;0
263;0.230723;0.207321;0;0
264;0.23145;0.258362;0;0
265;0.23225900000000002;0.10043300000000001;0;0
266;0.23297600000000002;0.146703;0;0
267;0.233098;0.094538;0;0
268;0.23351;0.224965;0;0
269;0.23515300000000003;0.249018;0;0
270;0.23528000000000002;0.20534299999999997;0;0
271;0.23607899999999998;0.246104;0;0
272;0.237452;0.187042;0;0
273;0.23791500000000002;0.12972999999999998;0;0
274;0.23819;0.219696;0;0
275;0.238617;0.170176;0;0
276;0.24067199999999997;0.088898;0;0
277;0.241247;0.226537;0;0
278;0.24220799999999998;0.08719400000000001;0;0
279;0.242681;0.121353;0;0
280;0.243556;0.24914;0;0
281;0.244273;0.145523;0;0
282;0.24682600000000002;0.184906;0;0
283;0.248454;0.24228899999999998;0;0
284;0.249481;0.09349600000000001;0;0
285;0.250112;0.120977;0;0
286;0.25059000000000003;0.222387;0;0
287;0.25154099999999996;0.230393;0;0
288;0.252813;0.143275;0;0
289;0.254033;0.091329;0;0
290;0.255193;0.131668;0;0
291;0.256129;0.21680700000000003;0;0
292;0.257482;0.227498;0;0
293;0.257823;0.181554;0;0
294;0.258123;0.10815899999999999;0;0
295;0.258769;0.10091699999999999;0;0
296;0.259923;0.193064;0;0
297;0.261114;0.17005399999999998;0;0
298;0.26168800000000003;0.232702;0;0
299;0.262533;0.201172;0;0
300;0.263494;0.13406400000000002;0;0
301;0.264018;0.217773;0;0
302;0.26512199999999997;0.154846;0;0
303;0.26679;0.120773;0;0
304;0.2677;0.134079;0;0
305;0.27084400000000003;0.173559;0;0
306;0.271444;0.139969;0;0
307;0.272161;0.114792;0;0
308;0.273885;0.157328;0;0
309;0.275121;0.133403;0;0
310;0.276047;0.165888;0;0
311;0.277069;0.115423;0;0
312;0.278188;0.196706;0;0
313;0.28126999999999996;0.18173699999999998;0;0
314;0.282145;0.11615999999999999;0;0
315;0.28294400000000003;0.189219;0;0
316;0.284017;0.18493199999999999;0;0
317;0.28479;0.156962;0;0
318;0.287943;0.159465;0;0
319;0.289871;0.19134500000000002;0;0
320;0.290792;0.202515;0;0
321;0.294647;0.158249;0;0
322;0.295588;0.177287;0;0
323;0.297582;0.19506800000000002;0;0
324;0.29920399999999997;0.133916;0;0
325;0.302912;0.183304;0;0
326;0.306112;0.175959;0;0
327;0.308533;0.1542;0;0
328;0.30956;0.184886;0;0
329;0.31141199999999997;0.153132;0;0
330;0.314336;0.177287;0;0
331;0.315852;0.154582;0;0
332;0.317027;0.174652;0;0
333;0.339279;0.165568;1;0
334;0.34484899999999996;0.163976;1;0
335;0.349426;0.158101;1;1
336;0.35843400000000003;0.180196;1;1
337;0.361582;0.190832;1;1
338;0.364644;0.194748;1;1
339;0.366379;0.186356;1;1
340;0.36761;0.145727;1;1
341;0.36883;0.155223;1;1
342;0.37116;0.15678399999999998;1;1
343;0.373393;0.167765;1;1
344;0.374313;0.19830799999999998;1;1
345;0.375346;0.175832;1;1
346;0.378784;0.166794;1;1
347;0.37974;0.188217;1;1
348;0.380905;0.122152;1;1
349;0.381907;0.19283;1;1
350;0.383677;0.16028299999999998;1;1
351;0.38754299999999997;0.217875;1;1
352;0.39033;0.11909000000000002;1;1
353;0.39091;0.134135;1;1
354;0.391708;0.120743;1;1
355;0.392334;0.225266;1;1
356;0.39416;0.128072;1;1
357;0.39503;0.161865;1;1
358;0.396072;0.111516;1;1
359;0.397476;0.119893;1;1
360;0.397685;0.21675100000000003;1;1
361;0.398794;0.109339;1;1
362;0.400548;0.172913;1;1
363;0.40152;0.103567;1;1
364;0.402318;0.18967699999999998;1;1
365;0.403127;0.177546;1;1
366;0.403803;0.150625;1;1
367;0.405594;0.234329;1;1
368;0.40731799999999996;0.169957;1;1
369;0.408071;0.22935;1;1
370;0.40981999999999996;0.209371;1;1
371;0.41063900000000003;0.170425;1;1
372;0.411209;0.2155;1;1
373;0.41296400000000005;0.128398;1;1
374;0.413325;0.116592;1;1
375;0.41405699999999995;0.21552;1;1
376;0.414408;0.23743699999999998;1;1
377;0.41550699999999996;0.198222;1;1
378;0.41722600000000004;0.1943;1;1
379;0.418116;0.082789;1;1
380;0.418818;0.124044;1;1
381;0.419998;0.23614000000000002;1;1
382;0.42130500000000004;0.247381;1;1
383;0.42144799999999993;0.151347;1;1
384;0.422109;0.238378;1;1
385;0.423584;0.113429;1;1
386;0.423996;0.229289;1;1
387;0.424957;0.150538;1;1
388;0.426071;0.21910100000000002;1;1
389;0.42662100000000003;0.235346;1;1
390;0.42903100000000005;0.17381300000000002;1;1
391;0.429688;0.203491;1;1
392;0.43044499999999997;0.167913;1;1
393;0.43099499999999996;0.148473;1;1
394;0.433884;0.128632;1;1
395;0.434479;0.23805199999999999;1;1
396;0.43598400000000004;0.206375;1;1
397;0.436346;0.26222199999999996;1;1
398;0.43745900000000004;0.063578;1;1
399;0.438288;0.189611;1;1
400;0.43921400000000005;0.065338;1;1
401;0.43975299999999995;0.179311;1;1
402;0.44022100000000003;0.190593;1;1
403;0.44080600000000003;0.273885;1;1
404;0.441737;0.060399;1;1
405;0.44292700000000007;0.075241;1;1
406;0.44343599999999994;0.090515;1;1
407;0.444646;0.133438;1;1
408;0.445582;0.190277;1;1
409;0.44588199999999995;0.160914;1;1
410;0.447103;0.120926;1;1
411;0.447525;0.23738099999999998;1;1
412;0.447647;0.170802;1;1
413;0.44893900000000003;0.084457;1;1
414;0.44940699999999995;0.248077;1;1
415;0.45114099999999996;0.10638399999999999;1;1
416;0.453186;0.138967;1;1
417;0.453837;0.169708;1;1
418;0.45458000000000004;0.153778;1;1
419;0.455556;0.092626;1;1
420;0.456502;0.08418300000000001;1;1
421;0.457133;0.146764;1;1
422;0.457647;0.281067;1;1
423;0.45838900000000005;0.256999;1;1
424;0.45867399999999997;0.204336;1;1
425;0.458908;0.12237;1;1
426;0.459844;0.133733;1;1
427;0.460546;0.057754999999999994;1;1
428;0.461049;0.194051;1;1
429;0.462229;0.06805900000000001;1;1
430;0.46316499999999994;0.154806;1;1
431;0.46346000000000004;0.17717;1;1
432;0.46403;0.27873200000000004;1;1
433;0.46503199999999995;0.064829;1;1
434;0.465581;0.290619;1;1
435;0.466059;0.127711;1;1
436;0.466629;0.18015;1;1
437;0.46698999999999996;0.177902;1;1
438;0.467606;0.20973699999999998;1;1
439;0.467819;0.22480300000000003;1;1
440;0.468684;0.19356800000000002;1;1
441;0.469467;0.11705499999999999;1;1
442;0.470876;0.30027800000000004;1;1
443;0.47150200000000003;0.079564;1;1
444;0.472249;0.29078699999999996;1;1
445;0.47257;0.13484200000000002;1;1
446;0.47288500000000006;0.17383800000000002;1;1
447;0.473857;0.303421;1;1
448;0.47434499999999996;0.199331;1;1
449;0.47493500000000005;0.041687;1;1
450;0.475667;0.051193;1;1
451;0.476181;0.09820599999999999;1;1
452;0.477046;0.088297;1;1
453;0.477229;0.045654;1;1
454;0.477768;0.033529;1;1
455;0.478083;0.143433;1;1
456;0.478612;0.131571;1;1
457;0.47880500000000004;0.194743;1;1
458;0.479207;0.176824;1;1
459;0.479716;0.1011;1;1
460;0.480443;0.23761999999999997;1;1
461;0.481084;0.245346;1;1
462;0.481278;0.091731;1;1
463;0.481847;0.17238399999999998;1;1
464;0.482529;0.034546;1;1
465;0.48301700000000003;0.046097000000000006;1;1
466;0.48362200000000005;0.051132;1;1
467;0.484629;0.081401;1;1
468;0.486252;0.307612;1;1
469;0.48685200000000006;0.265996;1;1
470;0.487417;0.112203;1;1
471;0.487742;0.10628299999999999;1;1
472;0.488403;0.056549;1;1
473;0.489227;0.232931;1;1
474;0.489609;0.266958;1;1
475;0.490209;0.274506;1;1
476;0.490824;0.009974;1;1
477;0.49116499999999996;0.307785;1;1
478;0.492025;0.090363;1;1
479;0.49225399999999997;0.019343;1;1
480;0.49254899999999996;0.089193;1;1
481;0.493062;0.082753;1;1
482;0.493673;0.179632;1;1
483;0.49372299999999997;0.143463;1;1
484;0.49403400000000003;0.14712;1;1
485;0.494217;0.031204000000000003;1;1
486;0.496094;0.21675100000000003;1;1
487;0.496379;0.020966;1;1
488;0.496475;0.164881;1;1
489;0.496796;0.184087;1;1
490;0.49763999999999997;0.004247;1;1
491;0.498245;0.187154;1;1
492;0.499146;0.30950900000000003;1;1
493;0.499705;0.10423299999999999;1;1
494;0.49985799999999997;0.131424;1;1
495;0.49999499999999997;0.2621;1;1
496;0.500458;0.101832;1;1
497;0.500738;0.057973000000000004;1;1
498;0.501155;0.236277;1;1
499;0.5019680000000001;0.007869;1;1
500;0.502238;0.05927999999999999;1;1
501;0.502467;0.066803;1;1
502;0.5030819999999999;0.164678;1;1
503;0.503235;0.071671;1;1
504;0.5039319999999999;0.055308;1;1
505;0.504008;0.047245999999999996;1;1
506;0.504567;0.267334;1;1
507;0.505112;0.19179300000000002;1;1
508;0.505662;0.061655999999999996;1;1
509;0.50621;0.225545;1;1
510;0.506433;0.257131;1;1
511;0.507308;0.089584;1;1
512;0.507598;0.044407999999999996;1;1
513;0.507787;0.20931999999999998;1;1
514;0.508478;0.31809499999999996;1;1
515;0.509003;0.21526599999999999;1;1
516;0.5094920000000001;0.26416;1;1
517;0.510092;0.048228;1;1
518;0.510533;0.270121;1;1
519;0.511185;0.159495;1;1
520;0.51266;0.177373;1;1
521;0.513478;0.08154299999999999;1;1
522;0.51386;0.050568;1;1
523;0.5141899999999999;0.286509;1;1
524;0.514862;0.10712200000000001;1;1
525;0.515422;0.285004;1;1
526;0.515727;0.157094;1;1
527;0.516352;0.229192;1;1
528;0.516545;0.156881;1;1
529;0.5169779999999999;0.20086199999999999;1;1
530;0.517323;0.257222;1;1
531;0.518397;0.082947;1;1
532;0.518672;0.026398;1;1
533;0.518967;0.084239;1;1
534;0.51946;0.181173;1;1
535;0.520015;0.298131;1;1
536;0.520583;0.024347999999999998;1;1
537;0.52122;0.27403299999999997;1;1
538;0.52155;0.229528;1;1
539;0.5219020000000001;0.123271;1;1
540;0.5223949999999999;0.070257;1;1
541;0.522675;0.263504;1;1
542;0.523483;0.055327999999999995;1;1
543;0.5237930000000001;0.05306;1;1
544;0.5244800000000001;0.16065;1;1
545;0.525025;0.032913;1;1
546;0.525273;0.193848;1;1
547;0.5258430000000001;0.138285;1;1
548;0.526617;0.050934;1;1
549;0.527058;0.30450900000000003;1;1
550;0.5275569999999999;0.056692;1;1
551;0.527928;0.291773;1;1
552;0.528213;0.144023;1;1
553;0.528513;0.185313;1;1
554;0.529247;0.10670999999999999;1;1
555;0.5296529999999999;0.09059199999999999;1;1
556;0.530303;0.081436;1;1
557;0.5308729999999999;0.108851;1;1
558;0.53158;0.278498;1;1
559;0.53187;0.04334;1;1
560;0.532745;0.06160499999999999;1;1
561;0.5331779999999999;0.157527;1;1
562;0.53395;0.193349;1;1
563;0.534235;0.23197399999999999;1;1
564;0.534673;0.221573;1;1
565;0.534932;0.186701;1;1
566;0.536067;0.26682;1;1
567;0.53773;0.080307;1;1
568;0.53806;0.06890399999999999;1;1
569;0.538325;0.189056;1;1
570;0.5390020000000001;0.113424;1;1
571;0.539597;0.259918;1;1
572;0.5400699999999999;0.1238;1;1
573;0.5402680000000001;0.277903;1;1
574;0.540695;0.05469299999999999;1;1
575;0.541153;0.287933;1;1
576;0.541513;0.27726799999999996;1;1
577;0.542587;0.06152899999999999;1;1
578;0.543488;0.20530199999999998;1;1
579;0.544373;0.05513;1;1
580;0.544937;0.271327;1;1
581;0.545782;0.120163;1;1
582;0.547307;0.16858900000000002;1;1
583;0.548253;0.173487;1;1
584;0.54919;0.233643;1;1
585;0.5494899999999999;0.159022;1;1
586;0.55014;0.11486800000000001;1;1
587;0.550477;0.116002;1;1
588;0.551372;0.08514400000000001;1;1
589;0.552083;0.23826599999999998;1;1
590;0.553437;0.163116;1;1
591;0.554103;0.273987;1;1
592;0.5547479999999999;0.158595;1;1
593;0.555298;0.07335900000000001;1;1
594;0.5559850000000001;0.212473;1;1
595;0.556645;0.24240100000000003;1;1
596;0.556843;0.056905;1;1
597;0.558868;0.20573899999999998;1;1
598;0.559718;0.091487;1;1
599;0.560318;0.23824;1;1
600;0.560668;0.238459;1;1
601;0.56103;0.10486400000000001;1;1
602;0.56128;0.0864;1;1
603;0.561508;0.20925900000000003;1;1
604;0.56161;0.24648499999999998;1;1
605;0.56275;0.11722300000000001;1;1
606;0.565105;0.078959;1;1
607;0.565348;0.141057;1;1
608;0.565802;0.113103;1;1
609;0.567337;0.206177;1;1
610;0.56842;0.200465;1;1
611;0.568955;0.191996;1;1
612;0.569605;0.21426900000000002;1;1
613;0.570867;0.14668299999999998;1;1
614;0.571293;0.21844499999999997;1;1
615;0.571752;0.196589;1;1
616;0.572433;0.105433;1;1
617;0.573155;0.24662800000000001;1;1
618;0.574453;0.122767;1;1
619;0.576182;0.096848;1;1
620;0.576427;0.206777;1;1
621;0.578038;0.13677999999999998;1;1
622;0.579325;0.21512399999999998;1;1
623;0.5795899999999999;0.235906;1;1
624;0.581308;0.098689;1;1
625;0.581863;0.203395;1;1
626;0.582047;0.170787;1;1
627;0.582687;0.091888;1;1
628;0.5841270000000001;0.18336;1;1
629;0.58495;0.110347;1;1
630;0.586918;0.245687;1;1
631;0.587835;0.140345;1;1
632;0.589137;0.12557000000000001;1;1
633;0.590453;0.207682;1;1
634;0.591018;0.164642;1;1
635;0.591737;0.217768;1;1
636;0.593058;0.111827;1;1
637;0.5938979999999999;0.16733800000000001;1;1
638;0.5944470000000001;0.15239;1;1
639;0.594788;0.22368400000000002;1;1
640;0.596923;0.111872;1;1
641;0.598108;0.147481;1;1
642;0.599833;0.229706;1;1
643;0.60055;0.10951199999999998;1;1
644;0.602865;0.192027;1;1
645;0.603237;0.18365499999999998;1;1
646;0.606197;0.189555;1;1
647;0.6065020000000001;0.215998;1;1
648;0.608053;0.192352;1;1
649;0.608612;0.11609900000000001;1;1
650;0.610627;0.21067800000000003;1;1
651;0.6119680000000001;0.176875;1;1
652;0.612432;0.2114;1;1
653;0.613857;0.18701700000000002;1;1
654;0.614152;0.130244;1;1
655;0.616287;0.21328699999999998;1;1
656;0.6172949999999999;0.1353;1;1
657;0.61847;0.19554100000000002;1;1
658;0.619467;0.18203699999999998;1;1
659;0.620637;0.176081;1;1
660;0.626912;0.132492;1;1
661;0.6300720000000001;0.146789;1;1
662;0.633612;0.19301300000000002;1;1
663;0.636993;0.164719;1;1
664;0.6495770000000001;0.180781;1;1
665;0.654837;0.176732;1;1
666;0.656788;0.163091;1;1
667;0.676203;0.16851300000000002;2;1
668;0.684768;0.18369000000000002;2;2
669;0.691645;0.151057;2;2
670;0.6965180000000001;0.195551;2;2
671;0.6978300000000001;0.14846800000000002;2;2
672;0.7002619999999999;0.14218599999999998;2;2
673;0.703283;0.18187;2;2
674;0.70812;0.125346;2;2
675;0.708867;0.20401;2;2
676;0.710637;0.20694;2;2
677;0.7119800000000001;0.131943;2;2
678;0.713058;0.154943;2;2
679;0.714208;0.182358;2;2
680;0.71612;0.12034600000000001;2;2
681;0.716512;0.175741;2;2
682;0.7198680000000001;0.2099;2;2
683;0.721705;0.18066400000000002;2;2
684;0.7238;0.137472;2;2
685;0.725433;0.176529;2;2
686;0.725587;0.188838;2;2
687;0.7274729999999999;0.169291;2;2
688;0.7280479999999999;0.12172999999999999;2;2
689;0.728938;0.151306;2;2
690;0.731222;0.154302;2;2
691;0.731598;0.182332;2;2
692;0.733337;0.173767;2;2
693;0.734308;0.201579;2;2
694;0.73524;0.154531;2;2
695;0.7364649999999999;0.204086;2;2
696;0.737162;0.195974;2;2
697;0.737803;0.200714;2;2
698;0.7379819999999999;0.170934;2;2
699;0.739167;0.125636;2;2
700;0.739578;0.154744;2;2
701;0.740647;0.13306199999999999;2;2
702;0.74144;0.142965;2;2
703;0.7441300000000001;0.198924;2;2
704;0.744608;0.21434499999999998;2;2
705;0.746562;0.13868699999999998;2;2
706;0.748287;0.14591500000000002;2;2
707;0.749603;0.218984;2;2
708;0.750183;0.15698199999999998;2;2
709;0.7512770000000001;0.215693;2;2
710;0.752142;0.226008;2;2
711;0.753367;0.223679;2;2
712;0.753815;0.186432;2;2
713;0.7543850000000001;0.200745;2;2
714;0.756312;0.151408;2;2
715;0.756958;0.101466;2;2
716;0.758602;0.256653;2;2
717;0.759242;0.172719;2;2
718;0.759837;0.177343;2;2
719;0.760117;0.25473;2;2
720;0.760595;0.25158200000000003;2;2
721;0.761857;0.258657;2;2
722;0.7640680000000001;0.075114;2;2
723;0.764572;0.211288;2;2
724;0.765157;0.2565;2;2
725;0.76562;0.11593599999999998;2;2
726;0.767192;0.080765;2;2
727;0.7686470000000001;0.06569900000000001;2;2
728;0.771423;0.185354;2;2
729;0.771907;0.256037;2;2
730;0.77242;0.087992;2;2
731;0.7726649999999999;0.08855700000000001;2;2
732;0.773142;0.14638800000000002;2;2
733;0.773768;0.232163;2;2
734;0.775085;0.227519;2;2
735;0.7759149999999999;0.140264;2;2
736;0.77715;0.11170999999999999;2;2
737;0.778285;0.24362199999999998;2;2
738;0.780085;0.20870999999999998;2;2
739;0.7808729999999999;0.227575;2;2
740;0.7816930000000001;0.07256599999999999;2;2
741;0.782705;0.074712;2;2
742;0.783367;0.050308;2;2
743;0.784805;0.09026100000000001;2;2
744;0.78565;0.138285;2;2
745;0.786067;0.17269400000000001;2;2
746;0.786357;0.27574699999999996;2;2
747;0.787207;0.046981999999999996;2;2
748;0.787872;0.269287;2;2
749;0.7889970000000001;0.179143;2;2
750;0.790395;0.04455;2;2
751;0.79101;0.071325;2;2
752;0.7930649999999999;0.121175;2;2
753;0.793325;0.264465;2;2
754;0.79394;0.08190900000000001;2;2
755;0.795497;0.073227;2;2
756;0.796137;0.17699700000000002;2;2
757;0.796337;0.19561800000000001;2;2
758;0.796788;0.066208;2;2
759;0.797093;0.06009400000000001;2;2
760;0.7972100000000001;0.07913200000000001;2;2
761;0.79748;0.091171;2;2
762;0.7977350000000001;0.234171;2;2
763;0.797968;0.228175;2;2
764;0.798273;0.058965;2;2
765;0.799057;0.174006;2;2
766;0.799158;0.21343499999999999;2;2
767;0.799758;0.123179;2;2
768;0.800512;0.12616;2;2
769;0.80097;0.263509;2;2
770;0.8017270000000001;0.230372;2;2
771;0.802135;0.173045;2;2
772;0.803172;0.189901;2;2
773;0.803787;0.197311;2;2
774;0.8043319999999999;0.11083499999999999;2;2
775;0.804667;0.282496;2;2
776;0.804962;0.24881;2;2
777;0.805492;0.140376;2;2
778;0.80691;0.143611;2;2
779;0.807272;0.146037;2;2
780;0.80804;0.16701300000000002;2;2
781;0.8086300000000001;0.23822;2;2
782;0.8094680000000001;0.094503;2;2
783;0.809738;0.12322999999999999;2;2
784;0.810053;0.038579;2;2
785;0.81134;0.29333000000000004;2;2
786;0.811697;0.079091;2;2
787;0.811875;0.19894900000000001;2;2
788;0.812225;0.032583;2;2
789;0.812887;0.189947;2;2
790;0.813385;0.27370700000000003;2;2
791;0.814107;0.051102;2;2
792;0.814585;0.12707000000000002;2;2
793;0.814982;0.24152600000000002;2;2
794;0.81519;0.197078;2;2
795;0.815968;0.201787;2;2
796;0.816563;0.139074;2;2
797;0.81688;0.05285599999999999;2;2
798;0.817037;0.25346399999999997;2;2
799;0.817678;0.268443;2;2
800;0.818293;0.274358;2;2
801;0.8197479999999999;0.20977800000000002;2;2
802;0.8200379999999999;0.22527600000000003;2;2
803;0.820313;0.287669;2;2
804;0.8210049999999999;0.235143;2;2
805;0.821365;0.086471;2;2
806;0.822168;0.05798300000000001;2;2
807;0.822292;0.090724;2;2
808;0.8227479999999999;0.097549;2;2
809;0.823095;0.214325;2;2
810;0.8236600000000001;0.074941;2;2
811;0.8241629999999999;0.076955;2;2
812;0.824565;0.183533;2;2
813;0.8249049999999999;0.219208;2;2
814;0.825312;0.12163299999999999;2;2
815;0.825918;0.30154899999999996;2;2
816;0.826335;0.27728800000000003;2;2
817;0.826722;0.22323099999999998;2;2
818;0.8271950000000001;0.22772199999999998;2;2
819;0.827917;0.315837;2;2
820;0.828145;0.080958;2;2
821;0.8287200000000001;0.153107;2;2
822;0.8289479999999999;0.24291999999999997;2;2
823;0.829275;0.119176;2;2
824;0.829493;0.243896;2;2
825;0.829843;0.168961;2;2
826;0.830133;0.008921;2;1
827;0.8306120000000001;0.076696;2;2
828;0.830993;0.203435;2;2
829;0.8315020000000001;0.238515;2;2
830;0.831722;0.29125;2;2
831;0.8322149999999999;0.1029;2;2
832;0.832627;0.28979;2;2
833;0.833145;0.053628999999999996;2;2
834;0.8334870000000001;0.228506;2;2
835;0.8340920000000001;0.140716;2;2
836;0.8343149999999999;0.29656;2;2
837;0.834997;0.017440999999999998;2;1
838;0.83549;0.073461;2;2
839;0.8359979999999999;0.322194;2;2
840;0.8364469999999999;0.093984;2;2
841;0.8375799999999999;0.068842;2;2
842;0.838043;0.054412999999999996;2;2
843;0.8383729999999999;0.107249;2;2
844;0.839218;0.303767;2;2
845;0.839875;0.075846;2;2
846;0.840607;0.084976;2;2
847;0.8410030000000001;0.248993;2;2
848;0.841268;0.15523800000000001;2;2
849;0.841618;0.164246;2;2
850;0.842327;0.146591;2;2
851;0.8429049999999999;0.090485;2;2
852;0.843125;0.268387;2;2
853;0.843613;0.30242399999999997;2;2
854;0.8446049999999999;0.285467;2;2
855;0.8451280000000001;0.16126500000000002;2;2
856;0.845468;0.127411;2;2
857;0.8457379999999999;0.117976;2;2
858;0.8466229999999999;0.194224;2;2
859;0.84754;0.19384300000000002;2;2
860;0.8477680000000001;0.11471600000000001;2;2
861;0.847915;0.090241;2;2
862;0.8489680000000001;0.226496;2;2
863;0.849685;0.066986;2;2
864;0.8500120000000001;0.230713;2;2
865;0.850398;0.303706;2;2
866;0.851043;0.07521599999999999;2;2
867;0.85172;0.175939;2;2
868;0.851975;0.225088;2;2
869;0.85288;0.299769;2;2
870;0.853073;0.242747;2;2
871;0.8534280000000001;0.248642;2;2
872;0.8545379999999999;0.083176;2;2
873;0.8550969999999999;0.29394499999999996;2;2
874;0.855748;0.132248;2;2
875;0.856068;0.239004;2;2
876;0.85703;0.039373000000000005;2;2
877;0.858165;0.058273;2;2
878;0.858525;0.211695;2;2
879;0.8589979999999999;0.12026500000000001;2;2
880;0.859095;0.26873800000000003;2;2
881;0.8595879999999999;0.095637;2;2
882;0.8599030000000001;0.189702;2;2
883;0.860208;0.054011;2;2
884;0.861933;0.278895;2;2
885;0.8627729999999999;0.17925;2;2
886;0.8634129999999999;0.065872;2;2
887;0.8645930000000001;0.25745100000000004;2;2
888;0.865;0.29627;2;2
889;0.86646;0.053284000000000005;2;2
890;0.8670100000000001;0.043767;2;2
891;0.8691450000000001;0.105102;2;2
892;0.869975;0.224584;2;2
893;0.8703870000000001;0.287933;2;2
894;0.8709370000000001;0.0469;2;2
895;0.8717600000000001;0.291356;2;2
896;0.872117;0.187032;2;2
897;0.8724370000000001;0.254054;2;2
898;0.8728899999999999;0.286209;2;2
899;0.8738450000000001;0.098109;2;2
900;0.874058;0.11258499999999999;2;2
901;0.8744870000000001;0.22237600000000002;2;2
902;0.875218;0.28781599999999996;2;2
903;0.8761549999999999;0.226735;2;2
904;0.8764350000000001;0.051142;2;2
905;0.876983;0.225194;2;2
906;0.8774120000000001;0.066009;2;2
907;0.877502;0.14213599999999998;2;2
908;0.877707;0.172323;2;2
909;0.8783569999999999;0.24984699999999999;2;2
910;0.878617;0.063075;2;2
911;0.878912;0.25475;2;2
912;0.8796280000000001;0.192052;2;2
913;0.880555;0.083094;2;2
914;0.881282;0.119899;2;2
915;0.8815370000000001;0.110097;2;2
916;0.88265;0.189163;2;2
917;0.8827219999999999;0.161606;2;2
918;0.8834879999999999;0.17659;2;2
919;0.8844299999999999;0.086726;2;2
920;0.885228;0.231542;2;2
921;0.886235;0.24773699999999999;2;2
922;0.886922;0.275767;2;2
923;0.8878219999999999;0.192322;2;2
924;0.8881979999999999;0.180333;2;2
925;0.888667;0.234675;2;2
926;0.8896629999999999;0.191869;2;2
927;0.891292;0.05984;2;2
928;0.8915549999999999;0.25735;2;2
929;0.892217;0.08669500000000001;2;2
930;0.892777;0.06628400000000001;2;2
931;0.893417;0.266373;2;2
932;0.8939469999999999;0.11183199999999999;2;2
933;0.8949379999999999;0.075572;2;2
934;0.89536;0.13908399999999999;2;2
935;0.89623;0.234853;2;2
936;0.896748;0.108948;2;2
937;0.8978219999999999;0.237294;2;2
938;0.898178;0.24173000000000003;2;2
939;0.89946;0.093394;2;2
940;0.900442;0.117025;2;2
941;0.9005879999999999;0.198598;2;2
942;0.900935;0.12053399999999999;2;2
943;0.9011379999999999;0.071309;2;2
944;0.902675;0.157908;2;2
945;0.9034629999999999;0.225098;2;2
946;0.9039719999999999;0.204844;2;2
947;0.904582;0.167374;2;2
948;0.90656;0.187886;2;2
949;0.907517;0.083954;2;2
950;0.9083549999999999;0.157227;2;2
951;0.909852;0.24736;2;2
952;0.912333;0.23113499999999998;2;2
953;0.9129780000000001;0.145025;2;2
954;0.913243;0.165756;2;2
955;0.913798;0.248327;2;2
956;0.914383;0.24770100000000003;2;2
957;0.916595;0.183563;2;2
958;0.917688;0.100871;2;2
959;0.918625;0.118805;2;2
960;0.920172;0.214635;2;2
961;0.92074;0.171509;2;2
962;0.921183;0.173991;2;2
963;0.921443;0.23792;2;2
964;0.9231969999999999;0.151016;2;2
965;0.9236969999999999;0.165624;2;2
966;0.924133;0.10876;2;2
967;0.9260450000000001;0.14255299999999999;2;2
968;0.9276629999999999;0.231527;2;2
969;0.928467;0.189418;2;2
970;0.9309430000000001;0.15956099999999998;2;2
971;0.931442;0.129242;2;2
972;0.932602;0.118352;2;2
973;0.934153;0.202545;2;2
974;0.935673;0.21772800000000003;2;2
975;0.9382219999999999;0.157115;2;2
976;0.938472;0.15567999999999999;2;2
977;0.940257;0.19830799999999998;2;2
978;0.941722;0.175354;2;2
979;0.942327;0.132609;2;2
980;0.9441879999999999;0.156169;2;2
981;0.945227;0.17877200000000001;2;2
982;0.94783;0.166967;2;2
983;0.9497979999999999;0.12806700000000001;2;2
984;0.951375;0.1937;2;2
985;0.9534450000000001;0.168121;2;2
986;0.9546049999999999;0.17067000000000002;2;2
987;0.956608;0.182312;2;2
988;0.957733;0.16347799999999998;2;2
989;0.958217;0.170252;2;2
990;0.9590049999999999;0.156047;2;2
991;0.961965;0.16924;2;2
992;0.9649049999999999;0.158681;2;2
993;0.9693700000000001;0.162674;2;2
994;0.9709629999999999;0.141907;2;2
995;0.9733879999999999;0.169205;2;2
996;0.976563;0.146179;2;2
997;0.98054;0.159754;2;2
998;0.982102;0.156113;2;2
999;0.990332;0.17068;2;2
1000;0.011281999999999999;0.50948;3;3
1001;0.015803;0.5015;3;3
1002;0.019745;0.49007700000000004;3;3
1003;0.022065;0.486705;3;3
1004;0.024547;0.5177470000000001;3;3
1005;0.026815;0.5001680000000001;3;3
1006;0.03335;0.533097;3;3
1007;0.036225;0.5355479999999999;3;3
1008;0.037497;0.500458;3;3
1009;0.04011;0.506968;3;3
1010;0.04336;0.468028;3;3
1011;0.045955;0.516515;3;3
1012;0.046438;0.47129799999999994;3;3
1013;0.04832;0.48042799999999997;3;3
1014;0.050714999999999996;0.472717;3;3
1015;0.052272000000000006;0.478505;3;3
1016;0.053772;0.54808;3;3
1017;0.054778;0.550653;3;3
1018;0.055298;0.49016800000000005;3;3
1019;0.057795000000000006;0.503525;3;3
1020;0.060333000000000005;0.543467;3;3
1021;0.061722000000000006;0.442942;3;3
1022;0.062627;0.52835;3;3
1023;0.06571;0.468567;3;3
1024;0.066742;0.510092;3;3
1025;0.067642;0.5498649999999999;3;3
1026;0.06853200000000001;0.565388;3;1
1027;0.069143;0.473425;3;3
1028;0.06991;0.488428;3;3
1029;0.07105;0.499638;3;3
1030;0.071402;0.447067;3;3
1031;0.072577;0.42868999999999996;3;3
1032;0.074937;0.43215;3;3
1033;0.075287;0.509242;3;3
1034;0.076513;0.44108500000000006;3;3
1035;0.07789700000000001;0.45314499999999996;3;3
1036;0.078288;0.44715299999999997;3;3
1037;0.080353;0.498413;3;3
1038;0.08077000000000001;0.474283;3;3
1039;0.081813;0.4343;3;3
1040;0.082245;0.430313;3;3
1041;0.084162;0.5651649999999999;3;3
1042;0.085577;0.43665;3;3
1043;0.086548;0.518997;3;3
1044;0.087575;0.562525;3;3
1045;0.087845;0.44762700000000005;3;3
1046;0.088242;0.41900699999999996;3;3
1047;0.08909700000000001;0.41838000000000003;3;3
1048;0.090448;0.47734;3;3
1049;0.091182;0.472808;3;3
1050;0.091913;0.418263;3;3
1051;0.09283;0.41271499999999994;3;3
1052;0.09344;0.414882;3;3
1053;0.094635;0.423645;3;3
1054;0.094833;0.531357;3;3
1055;0.095572;0.43489700000000003;3;3
1056;0.096415;0.5804229999999999;3;3
1057;0.096913;0.468517;3;3
1058;0.097942;0.47472700000000007;3;3
1059;0.098522;0.43895;3;3
1060;0.09963;0.5568029999999999;3;3
1061;0.100525;0.441117;3;3
1062;0.101858;0.508097;3;3
1063;0.102372;0.42137700000000006;3;3
1064;0.103038;0.455007;3;3
1065;0.10468;0.446578;3;3
1066;0.10564200000000001;0.47241700000000003;3;3
1067;0.10632799999999999;0.5301819999999999;3;3
1068;0.106985;0.47509300000000004;3;3
1069;0.107992;0.41689499999999996;3;3
1070;0.10905;0.496058;3;3
1071;0.11008699999999999;0.537613;3;3
1072;0.11078800000000001;0.558003;3;3
1073;0.111425;0.580175;3;3
1074;0.112127;0.603378;3;3
1075;0.11276800000000001;0.46797700000000003;3;3
1076;0.11381500000000001;0.42863999999999997;3;3
1077;0.11523499999999999;0.42909200000000003;3;3
1078;0.116353;0.535858;3;3
1079;0.116725;0.587642;3;3
1080;0.11754300000000001;0.521173;3;3
1081;0.118327;0.42830799999999997;3;3
1082;0.118495;0.582677;3;3
1083;0.11965999999999999;0.574508;3;3
1084;0.120743;0.46214799999999995;3;3
1085;0.1229;0.62092;3;3
1086;0.123428;0.521108;3;3
1087;0.12421199999999999;0.42748;3;3
1088;0.125097;0.608693;3;3
1089;0.12575799999999998;0.5653229999999999;3;3
1090;0.125845;0.491928;3;3
1091;0.12673;0.504638;3;3
1092;0.12709;0.392822;3;3
1093;0.127853;0.562063;3;3
1094;0.128952;0.582428;3;3
1095;0.12944;0.41478999999999994;3;3
1096;0.129797;0.44970200000000005;3;3
1097;0.13011199999999998;0.438115;3;3
1098;0.130652;0.564865;3;3
1099;0.131302;0.379562;3;3
1100;0.13183699999999998;0.46593199999999996;3;3
1101;0.13259300000000002;0.416922;3;3
1102;0.13308699999999998;0.533672;3;3
1103;0.133907;0.615133;3;3
1104;0.134888;0.557525;3;3
1105;0.13557;0.575465;3;3
1106;0.13619;0.489008;3;3
1107;0.136515;0.5706979999999999;3;3
1108;0.136597;0.534445;3;3
1109;0.137248;0.595572;3;3
1110;0.13844800000000002;0.466613;3;3
1111;0.138657;0.371908;3;3
1112;0.13947;0.426518;3;3
1113;0.14063;0.501857;3;3
1114;0.141307;0.547892;3;3
1115;0.141562;0.608698;3;3
1116;0.141897;0.572148;3;3
1117;0.142405;0.511622;3;3
1118;0.142797;0.554012;3;3
1119;0.143235;0.47084499999999996;3;3
1120;0.143773;0.48111499999999996;3;3
1121;0.144562;0.597;3;3
1122;0.145305;0.590052;3;3
1123;0.14643299999999998;0.610957;3;3
1124;0.146743;0.393072;3;3
1125;0.147812;0.466537;3;3
1126;0.148047;0.371643;3;3
1127;0.148508;0.45326700000000003;3;3
1128;0.14915499999999998;0.483317;3;3
1129;0.151002;0.389507;3;3
1130;0.15182;0.406535;3;3
1131;0.152278;0.372767;3;3
1132;0.152852;0.63978;3;3
1133;0.153417;0.514135;3;3
1134;0.15351800000000002;0.632563;3;3
1135;0.15392;0.614472;3;3
1136;0.156027;0.6168319999999999;3;3
1137;0.15617799999999998;0.45943199999999995;3;3
1138;0.15684;0.435903;3;3
1139;0.157125;0.534678;3;3
1140;0.15777;0.590138;3;3
1141;0.158432;0.6011449999999999;3;3
1142;0.15862;0.5812430000000001;3;3
1143;0.15937300000000001;0.37677;3;3
1144;0.15971300000000002;0.571288;3;3
1145;0.159998;0.499623;3;3
1146;0.160497;0.370962;3;3
1147;0.161047;0.654968;3;1
1148;0.16176300000000002;0.526993;3;3
1149;0.16214;0.343643;3;3
1150;0.16276;0.34870300000000004;3;3
1151;0.162882;0.38898699999999997;3;3
1152;0.16328;0.509197;3;3
1153;0.16356800000000002;0.569657;3;3
1154;0.163752;0.5891270000000001;3;3
1155;0.16405699999999998;0.417023;3;3
1156;0.165253;0.5796100000000001;3;3
1157;0.16578199999999998;0.515848;3;3
1158;0.16676300000000002;0.446075;3;3
1159;0.167185;0.596837;3;3
1160;0.167481;0.385077;3;3
1161;0.168569;0.44853699999999996;3;3
1162;0.169398;0.66186;3;1
1163;0.16959100000000002;0.6022649999999999;3;3
1164;0.169785;0.546672;3;3
1165;0.170095;0.552165;3;3
1166;0.17036400000000002;0.52889;3;3
1167;0.17161600000000002;0.35139499999999996;3;3
1168;0.172526;0.5213720000000001;3;3
1169;0.17269400000000001;0.466405;3;3
1170;0.172877;0.351058;3;3
1171;0.17393499999999998;0.46918699999999997;3;3
1172;0.17438299999999998;0.49941499999999994;3;3
1173;0.174738;0.5752;3;3
1174;0.175781;0.36111;3;3
1175;0.176676;0.568878;3;3
1176;0.1775;0.45066300000000004;3;3
1177;0.177805;0.603708;3;3
1178;0.17918900000000001;0.596807;3;3
1179;0.179601;0.373108;3;3
1180;0.179713;0.60853;3;3
1181;0.18018599999999999;0.55778;3;3
1182;0.180552;0.5781;3;3
1183;0.180918;0.590703;3;3
1184;0.181168;0.47952799999999995;3;3
1185;0.181854;0.5195;3;3
1186;0.182454;0.645187;3;1
1187;0.182912;0.39324000000000003;3;3
1188;0.182999;0.550445;3;3
1189;0.1834;0.386353;3;3
1190;0.183899;0.41805;3;3
1191;0.18448399999999998;0.412023;3;3
1192;0.185064;0.49068199999999995;3;3
1193;0.185588;0.552393;3;3
1194;0.186615;0.362717;3;3
1195;0.187541;0.37140300000000004;3;3
1196;0.188003;0.358063;3;3
1197;0.189351;0.47836300000000004;3;3
1198;0.189865;0.513922;3;3
1199;0.190694;0.595525;3;3
1200;0.19104000000000002;0.597047;3;3
1201;0.191493;0.42333999999999994;3;3
1202;0.191747;0.552358;3;3
1203;0.191971;0.565308;3;3
1204;0.192368;0.44346199999999997;3;3
1205;0.19249000000000002;0.433288;3;3
1206;0.192958;0.40467800000000004;3;3
1207;0.193329;0.48394799999999993;3;3
1208;0.19356800000000002;0.559322;3;3
1209;0.194453;0.6059770000000001;3;3
1210;0.194682;0.636567;3;3
1211;0.194972;0.560933;3;3
1212;0.195725;0.43548000000000003;3;3
1213;0.19605999999999998;0.37496;3;3
1214;0.196177;0.4346;3;3
1215;0.197006;0.539413;3;3
1216;0.19754000000000002;0.496913;3;3
1217;0.198008;0.562693;3;3
1218;0.19814;0.53478;3;3
1219;0.198568;0.47493500000000005;3;3
1220;0.199626;0.617595;3;3
1221;0.19991;0.5061329999999999;3;3
1222;0.20049;0.512157;3;3
1223;0.200979;0.44985;3;3
1224;0.201619;0.47147700000000003;3;3
1225;0.20208199999999998;0.445618;3;3
1226;0.202438;0.463063;3;3
1227;0.203278;0.55723;3;3
1228;0.203435;0.567022;3;3
1229;0.203705;0.463185;3;3
1230;0.203888;0.45689300000000005;3;3
1231;0.204529;0.581177;3;3
1232;0.20500700000000002;0.40712;3;3
1233;0.205871;0.591258;3;3
1234;0.206619;0.40013699999999996;3;3
1235;0.20783000000000001;0.5898899999999999;3;3
1236;0.208313;0.56072;3;3
1237;0.209096;0.490932;3;3
1238;0.209529;0.496195;3;3
1239;0.20989499999999997;0.541743;3;3
1240;0.210556;0.535385;3;3
1241;0.211695;0.556742;3;3
1242;0.212128;0.431828;3;3
1243;0.213069;0.504542;3;3
1244;0.21339899999999998;0.477677;3;3
1245;0.213704;0.44986499999999996;3;3
1246;0.21400500000000003;0.48853;3;3
1247;0.214498;0.382187;3;3
1248;0.215317;0.605463;3;3
1249;0.216171;0.44898999999999994;3;3
1250;0.21651700000000002;0.529388;3;3
1251;0.216838;0.39456199999999997;3;3
1252;0.21772800000000003;0.607798;3;3
1253;0.21910100000000002;0.54978;3;3
1254;0.219996;0.568685;3;3
1255;0.22057100000000002;0.60026;3;3
1256;0.221441;0.458913;3;3
1257;0.22173;0.419408;3;3
1258;0.221919;0.446583;3;3
1259;0.222372;0.48300200000000004;3;3
1260;0.222788;0.55692;3;3
1261;0.22318000000000002;0.407522;3;3
1262;0.224548;0.596643;3;3
1263;0.224813;0.414713;3;3
1264;0.225489;0.447168;3;3
1265;0.226359;0.575282;3;3
1266;0.22713200000000003;0.45219499999999996;3;3
1267;0.22881100000000001;0.458847;3;3
1268;0.229675;0.47672;3;3
1269;0.230352;0.42011000000000004;3;3
1270;0.230652;0.46359300000000003;3;3
1271;0.231989;0.58958;3;3
1272;0.23263000000000003;0.407308;3;3
1273;0.23355599999999999;0.414368;3;3
1274;0.234487;0.529027;3;3
1275;0.235692;0.568603;3;3
1276;0.23678600000000002;0.502502;3;3
1277;0.237432;0.438187;3;3
1278;0.238159;0.5003;3;3
1279;0.238693;0.5484220000000001;3;3
1280;0.23893699999999998;0.43291199999999996;3;3
1281;0.240245;0.448715;3;3
1282;0.24072800000000003;0.563293;3;3
1283;0.241694;0.549367;3;3
1284;0.242869;0.550767;3;3
1285;0.24370300000000003;0.480382;3;3
1286;0.24468;0.5292520000000001;3;3
1287;0.245077;0.46312;3;3
1288;0.246363;0.453338;3;3
1289;0.248266;0.568232;3;3
1290;0.248698;0.517462;3;3
1291;0.250798;0.42867;3;3
1292;0.252533;0.511027;3;3
1293;0.25299099999999997;0.51381;3;3
1294;0.25411;0.462708;3;3
1295;0.254471;0.525893;3;3
1296;0.256119;0.532572;3;3
1297;0.256739;0.424983;3;3
1298;0.257477;0.48821000000000003;3;3
1299;0.25964299999999996;0.47556000000000004;3;3
1300;0.259862;0.510757;3;3
1301;0.260284;0.561233;3;3
1302;0.26113400000000003;0.507487;3;3
1303;0.262421;0.5479430000000001;3;3
1304;0.26365700000000003;0.532338;3;3
1305;0.26512199999999997;0.43459;3;3
1306;0.266327;0.522058;3;3
1307;0.26768000000000003;0.472753;3;3
1308;0.267939;0.501602;3;3
1309;0.26810700000000004;0.44757700000000006;3;3
1310;0.269984;0.486522;3;3
1311;0.270996;0.454503;3;3
1312;0.273092;0.557693;3;3
1313;0.27408899999999997;0.535137;3;3
1314;0.276133;0.47728999999999994;3;3
1315;0.278407;0.530162;3;3
1316;0.280462;0.493835;3;3
1317;0.281586;0.473663;3;3
1318;0.282934;0.462632;3;3
1319;0.285884;0.479513;3;3
1320;0.286616;0.539607;3;3
1321;0.288727;0.50975;3;3
1322;0.29130100000000003;0.51508;3;3
1323;0.29275;0.516597;3;3
1324;0.296611;0.512522;3;3
1325;0.297724;0.534455;3;3
1326;0.300842;0.507003;3;3
1327;0.302078;0.47774300000000003;3;3
1328;0.30391999999999997;0.49878;3;3
1329;0.307098;0.495488;3;3
1330;0.308294;0.51947;3;3
1331;0.31513;0.49605299999999997;3;3
1332;0.320241;0.5027119999999999;3;3
1333;0.341634;0.502605;4;4
1334;0.345912;0.494263;4;4
1335;0.349452;0.510808;4;4
1336;0.353205;0.49550299999999997;4;4
1337;0.358271;0.498907;4;4
1338;0.363302;0.5191399999999999;4;4
1339;0.366043;0.47593199999999997;4;4
1340;0.368973;0.5263770000000001;4;4
1341;0.369802;0.47252799999999995;4;4
1342;0.371145;0.529983;4;4
1343;0.37243200000000004;0.536632;4;4
1344;0.373596;0.537537;4;4
1345;0.373759;0.483958;4;4
1346;0.374675;0.532787;4;4
1347;0.376867;0.516845;4;4
1348;0.37846399999999997;0.490117;4;4
1349;0.37944;0.52245;4;4
1350;0.380844;0.47508199999999995;4;4
1351;0.381811;0.522943;4;4
1352;0.384506;0.535568;4;4
1353;0.385386;0.54272;4;4
1354;0.38666300000000003;0.491415;4;4
1355;0.389587;0.540243;4;4
1356;0.39072199999999996;0.48907;4;4
1357;0.39216100000000004;0.469442;4;4
1358;0.39365100000000003;0.544413;4;4
1359;0.39447;0.5486;4;4
1360;0.396566;0.505905;4;4
1361;0.397954;0.47007200000000005;4;4
1362;0.398432;0.46352200000000005;4;4
1363;0.39961199999999997;0.45620200000000005;4;4
1364;0.401072;0.4393;4;4
1365;0.40228800000000003;0.5296270000000001;4;4
1366;0.404032;0.48731;4;4
1367;0.40539000000000003;0.48460299999999995;4;4
1368;0.406006;0.44025699999999995;4;4
1369;0.407354;0.5177470000000001;4;4
1370;0.409602;0.480332;4;4
1371;0.41095;0.49634799999999996;4;4
1372;0.411418;0.451878;4;4
1373;0.412308;0.46015500000000004;4;4
1374;0.413401;0.48394799999999993;4;4
1375;0.414459;0.5223899999999999;4;4
1376;0.41468299999999997;0.49130799999999997;4;4
1377;0.416824;0.48180200000000006;4;4
1378;0.417501;0.578812;4;4
1379;0.41887399999999997;0.5787720000000001;4;4
1380;0.41938800000000004;0.44834300000000005;4;4
1381;0.419998;0.418925;4;4
1382;0.42071499999999995;0.545772;4;4
1383;0.421936;0.521617;4;4
1384;0.42208900000000005;0.583217;4;4
1385;0.423335;0.531612;4;4
1386;0.423803;0.43974300000000005;4;4
1387;0.424154;0.43928999999999996;4;4
1388;0.42455;0.565083;4;4
1389;0.42529300000000003;0.541032;4;4
1390;0.42594399999999993;0.47927299999999995;4;4
1391;0.42718500000000004;0.564347;4;4
1392;0.427989;0.47913199999999995;4;4
1393;0.429932;0.49484300000000003;4;4
1394;0.43045100000000003;0.560445;4;4
1395;0.43055200000000005;0.553427;4;4
1396;0.430705;0.5796399999999999;4;4
1397;0.431717;0.446107;4;4
1398;0.432338;0.51976;4;4
1399;0.43328900000000004;0.535655;4;4
1400;0.434112;0.566523;4;4
1401;0.43534799999999996;0.502127;4;4
1402;0.435771;0.42405699999999996;4;4
1403;0.43605;0.472052;4;4
1404;0.436884;0.41916800000000004;4;4
1405;0.437327;0.4738;4;4
1406;0.43794799999999995;0.407217;4;4
1407;0.43826800000000005;0.550928;4;4
1408;0.43871099999999996;0.568227;4;4
1409;0.439407;0.448588;4;4
1410;0.440303;0.542582;4;4
1411;0.44071000000000005;0.581843;4;4
1412;0.441304;0.5981350000000001;4;4
1413;0.44146199999999997;0.566682;4;4
1414;0.442108;0.540395;4;4
1415;0.44222;0.445058;4;4
1416;0.442719;0.47894799999999993;4;4
1417;0.443283;0.44994700000000004;4;4
1418;0.44400500000000004;0.47770200000000007;4;4
1419;0.444616;0.40733800000000003;4;4
1420;0.44567399999999996;0.5177;4;4
1421;0.446238;0.561773;4;4
1422;0.44732700000000003;0.522095;4;4
1423;0.44834399999999996;0.519842;4;4
1424;0.449946;0.464397;4;4
1425;0.450582;0.610347;4;4
1426;0.452586;0.609913;4;4
1427;0.4537;0.46521999999999997;4;4
1428;0.45428500000000005;0.485332;4;4
1429;0.45496099999999995;0.514455;4;4
1430;0.45541899999999996;0.416753;4;4
1431;0.45578;0.40178;4;4
1432;0.457067;0.510645;4;4
1433;0.459478;0.41764300000000004;4;4
1434;0.460149;0.384185;4;4
1435;0.460495;0.47371499999999994;4;4
1436;0.460739;0.552333;4;4
1437;0.461131;0.481257;4;4
1438;0.461909;0.4912;4;4
1439;0.462875;0.47283000000000003;4;4
1440;0.463272;0.434337;4;4
1441;0.464483;0.560435;4;4
1442;0.46508299999999997;0.42282200000000003;4;4
1443;0.465815;0.500107;4;4
1444;0.466059;0.60078;4;4
1445;0.467804;0.620997;4;4
1446;0.46838900000000006;0.5189819999999999;4;4
1447;0.46853599999999995;0.5233300000000001;4;4
1448;0.468999;0.6294;4;4
1449;0.469396;0.40423000000000003;4;4
1450;0.470149;0.62055;4;4
1451;0.47103900000000004;0.375498;4;4
1452;0.471308;0.46138999999999997;4;4
1453;0.472087;0.6309520000000001;4;4
1454;0.473602;0.52125;4;4
1455;0.47406000000000004;0.381927;4;4
1456;0.475092;0.42432700000000007;4;4
1457;0.476328;0.614695;4;4
1458;0.477102;0.641892;4;4
1459;0.477458;0.36967;4;4
1460;0.477971;0.5176029999999999;4;4
1461;0.47897799999999996;0.6316729999999999;4;4
1462;0.47945699999999997;0.492203;4;4
1463;0.47988400000000003;0.41119799999999995;4;4
1464;0.48048900000000005;0.556483;4;4
1465;0.480799;0.36782800000000004;4;4
1466;0.481756;0.642608;4;4
1467;0.48228000000000004;0.354335;4;4
1468;0.48289499999999996;0.429778;4;4
1469;0.48318;0.62261;4;4
1470;0.48376499999999995;0.400427;4;4
1471;0.48425799999999997;0.592342;4;4
1472;0.485001;0.507375;4;4
1473;0.48576899999999995;0.481675;4;4
1474;0.486425;0.45963000000000004;4;4
1475;0.48669399999999996;0.5582779999999999;4;4
1476;0.48735600000000007;0.607935;4;4
1477;0.48801700000000003;0.534963;4;4
1478;0.488363;0.397648;4;4
1479;0.489324;0.41819799999999996;4;4
1480;0.48977200000000004;0.633657;4;4
1481;0.490728;0.42830799999999997;4;4
1482;0.491221;0.640432;4;4
1483;0.492015;0.376607;4;4
1484;0.49228900000000003;0.62202;4;4
1485;0.49318999999999996;0.43813500000000005;4;4
1486;0.493551;0.37040700000000004;4;4
1487;0.49411000000000005;0.658173;4;4
1488;0.495382;0.605525;4;4
1489;0.495783;0.360198;4;4
1490;0.49613900000000005;0.571412;4;4
1491;0.496374;0.44006300000000004;4;4
1492;0.496435;0.60697;4;4
1493;0.497213;0.477865;4;4
1494;0.497889;0.62441;4;4
1495;0.49853500000000006;0.520273;4;4
1496;0.499263;0.523417;4;4
1497;0.499903;0.5762729999999999;4;4
1498;0.500183;0.620783;4;4
1499;0.501108;0.45406199999999997;4;4
1500;0.5019680000000001;0.386312;4;4
1501;0.50237;0.613398;4;4
1502;0.502508;0.458207;4;4
1503;0.5031329999999999;0.42434700000000003;4;4
1504;0.5032399999999999;0.478713;4;4
1505;0.50379;0.617997;4;4
1506;0.504207;0.5184529999999999;4;4
1507;0.5045470000000001;0.46304799999999996;4;4
1508;0.505253;0.405105;4;4
1509;0.5058279999999999;0.47284499999999996;4;4
1510;0.506815;0.525533;4;4
1511;0.507008;0.44360299999999997;4;4
1512;0.507472;0.463125;4;4
1513;0.5079899999999999;0.64889;4;4
1514;0.508408;0.536612;4;4
1515;0.508458;0.45548999999999995;4;4
1516;0.5089319999999999;0.528758;4;4
1517;0.509678;0.580933;4;4
1518;0.510508;0.5708270000000001;4;4
1519;0.51093;0.39088;4;4
1520;0.511368;0.587763;4;4
1521;0.511627;0.42981499999999995;4;4
1522;0.512303;0.544433;4;4
1523;0.512893;0.397462;4;4
1524;0.513275;0.6142479999999999;4;4
1525;0.513632;0.6314029999999999;4;4
1526;0.514502;0.35339299999999996;4;4
1527;0.514837;0.362127;4;4
1528;0.515682;0.36654200000000003;4;4
1529;0.5159199999999999;0.647207;4;4
1530;0.517242;0.434478;4;4
1531;0.517502;0.490702;4;4
1532;0.518127;0.48028999999999994;4;4
1533;0.5198619999999999;0.5368850000000001;4;4
1534;0.520273;0.429733;4;4
1535;0.520925;0.410608;4;4
1536;0.521475;0.38475;4;4
1537;0.522578;0.55482;4;4
1538;0.5240020000000001;0.586457;4;4
1539;0.524307;0.363317;4;4
1540;0.52478;0.62267;4;4
1541;0.5252479999999999;0.401525;4;4
1542;0.5260670000000001;0.516612;4;4
1543;0.527155;0.402562;4;4
1544;0.5278470000000001;0.47385200000000005;4;4
1545;0.528575;0.566355;4;4
1546;0.529037;0.44241800000000003;4;4
1547;0.529663;0.611953;4;4
1548;0.53004;0.580277;4;4
1549;0.530395;0.48206000000000004;4;4
1550;0.5308930000000001;0.380452;4;4
1551;0.531183;0.489965;4;4
1552;0.5317029999999999;0.620818;4;4
1553;0.531993;0.519393;4;4
1554;0.53333;0.540747;4;4
1555;0.533833;0.49248800000000004;4;4
1556;0.534485;0.569448;4;4
1557;0.535028;0.46509799999999996;4;4
1558;0.5354869999999999;0.5419470000000001;4;4
1559;0.536062;0.38826;4;4
1560;0.536607;0.37706;4;4
1561;0.537802;0.510152;4;4
1562;0.538387;0.560487;4;4
1563;0.5389970000000001;0.413992;4;4
1564;0.539047;0.38586;4;4
1565;0.5395770000000001;0.41340200000000005;4;4
1566;0.5404869999999999;0.481613;4;4
1567;0.540858;0.406677;4;4
1568;0.54096;0.44933999999999996;4;4
1569;0.54125;0.625117;4;4
1570;0.541473;0.390208;4;4
1571;0.54188;0.608693;4;4
1572;0.543187;0.465708;4;4
1573;0.5441229999999999;0.539363;4;4
1574;0.5448;0.425695;4;4
1575;0.5458270000000001;0.381423;4;4
1576;0.546397;0.46255;4;4
1577;0.547108;0.46391800000000005;4;4
1578;0.547582;0.399775;4;4
1579;0.54777;0.469208;4;4
1580;0.548253;0.447083;4;4
1581;0.549667;0.47390200000000005;4;4
1582;0.550237;0.5703779999999999;4;4
1583;0.550512;0.45729;4;4
1584;0.55128;0.521342;4;4
1585;0.55191;0.594238;4;4
1586;0.552688;0.39951;4;4
1587;0.55395;0.42931199999999997;4;4
1588;0.5553680000000001;0.446568;4;4
1589;0.5576220000000001;0.47403999999999996;4;4
1590;0.558207;0.505173;4;4
1591;0.559245;0.6054729999999999;4;4
1592;0.5601970000000001;0.43880699999999995;4;4
1593;0.561722;0.460632;4;4
1594;0.5620729999999999;0.398228;4;4
1595;0.5626680000000001;0.55487;4;4
1596;0.562775;0.5464829999999999;4;4
1597;0.5631;0.515838;4;4
1598;0.5635220000000001;0.577967;4;4
1599;0.564453;0.50649;4;4
1600;0.564808;0.496475;4;4
1601;0.565415;0.506892;4;4
1602;0.5657399999999999;0.49554499999999996;4;4
1603;0.56688;0.58345;4;4
1604;0.567597;0.429795;4;4
1605;0.56785;0.579538;4;4
1606;0.56866;0.405422;4;4
1607;0.570948;0.509542;4;4
1608;0.571573;0.573075;4;4
1609;0.572275;0.470718;4;4
1610;0.572647;0.46648199999999995;4;4
1611;0.5731350000000001;0.563725;4;4
1612;0.574417;0.5854550000000001;4;4
1613;0.575033;0.471553;4;4
1614;0.5753729999999999;0.45032799999999995;4;4
1615;0.576385;0.43654799999999994;4;4
1616;0.5765680000000001;0.561818;4;4
1617;0.57758;0.545482;4;4
1618;0.578267;0.547887;4;4
1619;0.57843;0.48643000000000003;4;4
1620;0.578868;0.49860200000000005;4;4
1621;0.5794779999999999;0.513595;4;4
1622;0.579697;0.437993;4;4
1623;0.5802;0.423122;4;4
1624;0.581588;0.505045;4;4
1625;0.582728;0.560465;4;4
1626;0.582788;0.516342;4;4
1627;0.582967;0.49861700000000003;4;4
1628;0.58309;0.468847;4;4
1629;0.585175;0.56487;4;4
1630;0.587015;0.473088;4;4
1631;0.587738;0.423228;4;4
1632;0.5882569999999999;0.508372;4;4
1633;0.58987;0.573633;4;4
1634;0.589965;0.504578;4;4
1635;0.591832;0.446513;4;4
1636;0.594513;0.45891800000000005;4;4
1637;0.594762;0.556768;4;4
1638;0.596172;0.440817;4;4
1639;0.598078;0.547297;4;4
1640;0.599395;0.49237;4;4
1641;0.600703;0.537058;4;4
1642;0.6027020000000001;0.5421199999999999;4;4
1643;0.603418;0.44799300000000003;4;4
1644;0.6046699999999999;0.475972;4;4
1645;0.605183;0.533533;4;4
1646;0.6077779999999999;0.5278930000000001;4;4
1647;0.609558;0.555343;4;4
1648;0.610957;0.476182;4;4
1649;0.6112770000000001;0.505508;4;4
1650;0.612055;0.449528;4;4
1651;0.61351;0.453837;4;4
1652;0.61587;0.49192299999999994;4;4
1653;0.616063;0.530405;4;4
1654;0.619028;0.539485;4;4
1655;0.621007;0.47613;4;4
1656;0.6219279999999999;0.518047;4;4
1657;0.624487;0.46370500000000003;4;4
1658;0.6260979999999999;0.5146729999999999;4;4
1659;0.6268819999999999;0.46381700000000003;4;4
1660;0.63118;0.476328;4;4
1661;0.631948;0.48883000000000004;4;4
1662;0.633947;0.532038;4;4
1663;0.63856;0.5224300000000001;4;4
1664;0.641703;0.517263;4;4
1665;0.647903;0.49715200000000004;4;4
1666;0.662272;0.50057;4;5
1667;0.680085;0.512147;5;5
1668;0.687718;0.506363;5;5
1669;0.689463;0.520945;5;5
1670;0.6910149999999999;0.513718;5;5
1671;0.69453;0.481013;5;5
1672;0.700348;0.49570200000000003;5;5
1673;0.702072;0.509073;5;5
1674;0.70281;0.492278;5;5
1675;0.7051850000000001;0.505193;5;5
1676;0.706742;0.460765;5;5
1677;0.7079770000000001;0.47680200000000006;5;5
1678;0.710078;0.51566;5;5
1679;0.7120569999999999;0.48343800000000003;5;5
1680;0.715443;0.50675;5;5
1681;0.716618;0.54924;5;5
1682;0.7175600000000001;0.45532700000000004;5;5
1683;0.718277;0.534037;5;5
1684;0.718755;0.530762;5;5
1685;0.7242529999999999;0.496338;5;5
1686;0.724722;0.5192220000000001;5;5
1687;0.725352;0.486212;5;5
1688;0.7266279999999999;0.48321000000000003;5;5
1689;0.729507;0.476787;5;5
1690;0.7324930000000001;0.439275;5;5
1691;0.732982;0.494537;5;5
1692;0.73439;0.45908699999999997;5;5
1693;0.735382;0.555333;5;5
1694;0.73733;0.44578500000000004;5;5
1695;0.73761;0.510513;5;5
1696;0.738093;0.48219300000000004;5;5
1697;0.738693;0.568013;5;5
1698;0.73939;0.441258;5;5
1699;0.7412270000000001;0.5331520000000001;5;5
1700;0.741552;0.46945699999999996;5;5
1701;0.74261;0.542898;5;5
1702;0.743897;0.472508;5;5
1703;0.745005;0.522908;5;5
1704;0.748468;0.439778;5;5
1705;0.749328;0.575435;5;5
1706;0.750722;0.533925;5;5
1707;0.751123;0.546097;5;5
1708;0.752833;0.47267700000000007;5;5
1709;0.755132;0.509303;5;5
1710;0.756247;0.578227;5;5
1711;0.757722;0.49296;5;5
1712;0.758203;0.591338;5;5
1713;0.7589520000000001;0.526652;5;5
1714;0.760732;0.515045;5;5
1715;0.761825;0.508692;5;5
1716;0.7628119999999999;0.494725;5;5
1717;0.76499;0.5357569999999999;5;5
1718;0.765325;0.42379799999999995;5;5
1719;0.766012;0.404428;5;5
1720;0.766567;0.46848;5;5
1721;0.768;0.51502;5;5
1722;0.7690229999999999;0.59431;5;5
1723;0.770192;0.423717;5;5
1724;0.771443;0.46876999999999996;5;5
1725;0.771775;0.593333;5;5
1726;0.772343;0.433447;5;5
1727;0.772878;0.40213499999999996;5;5
1728;0.773682;0.49080799999999997;5;5
1729;0.7740779999999999;0.44495200000000007;5;5
1730;0.77475;0.474828;5;5
1731;0.775105;0.42458199999999996;5;5
1732;0.775432;0.431712;5;5
1733;0.77649;0.407908;5;5
1734;0.776993;0.51476;5;5
1735;0.777278;0.40989200000000003;5;5
1736;0.7781319999999999;0.5113270000000001;5;5
1737;0.779332;0.595322;5;5
1738;0.779698;0.603718;5;5
1739;0.779948;0.5564319999999999;5;5
1740;0.780105;0.42524700000000004;5;5
1741;0.780818;0.552755;5;5
1742;0.781453;0.57727;5;5
1743;0.781805;0.41872200000000004;5;5
1744;0.782425;0.592503;5;5
1745;0.783183;0.45085200000000003;5;5
1746;0.783473;0.591028;5;5
1747;0.783997;0.43754499999999996;5;5
1748;0.784535;0.513667;5;5
1749;0.7854720000000001;0.566355;5;5
1750;0.785737;0.5620470000000001;5;5
1751;0.7864180000000001;0.615143;5;5
1752;0.78684;0.49588000000000004;5;5
1753;0.7871199999999999;0.47846000000000005;5;5
1754;0.787542;0.393127;5;5
1755;0.788462;0.613607;5;5
1756;0.7889550000000001;0.5735319999999999;5;5
1757;0.789678;0.386703;5;5
1758;0.790903;0.51772;5;5
1759;0.79184;0.524338;5;5
1760;0.7925220000000001;0.48761000000000004;5;5
1761;0.79273;0.48710200000000003;5;5
1762;0.7930649999999999;0.5802350000000001;5;5
1763;0.794067;0.440567;5;5
1764;0.794475;0.46032700000000004;5;5
1765;0.795343;0.510575;5;5
1766;0.795802;0.477763;5;5
1767;0.79625;0.463185;5;5
1768;0.7965399999999999;0.5581050000000001;5;5
1769;0.79689;0.62705;5;5
1770;0.797393;0.599395;5;5
1771;0.79862;0.5776319999999999;5;5
1772;0.7988029999999999;0.541957;5;5
1773;0.7998770000000001;0.40691700000000003;5;5
1774;0.799952;0.628158;5;5
1775;0.800288;0.390253;5;5
1776;0.801412;0.407827;5;5
1777;0.801478;0.562653;5;5
1778;0.8018649999999999;0.566228;5;5
1779;0.802592;0.38958200000000004;5;5
1780;0.802938;0.44917799999999997;5;5
1781;0.80391;0.48544799999999994;5;5
1782;0.804372;0.606643;5;5
1783;0.804515;0.38111300000000004;5;5
1784;0.804758;0.45876000000000006;5;5
1785;0.80571;0.58694;5;5
1786;0.80691;0.437378;5;5
1787;0.808125;0.575363;5;5
1788;0.808512;0.605275;5;5
1789;0.809022;0.440512;5;5
1790;0.809377;0.641753;5;5
1791;0.809972;0.563182;5;5
1792;0.810242;0.422913;5;5
1793;0.810822;0.5697479999999999;5;5
1794;0.811183;0.520737;5;5
1795;0.8123630000000001;0.5779880000000001;5;5
1796;0.8128920000000001;0.570328;5;5
1797;0.8132729999999999;0.45525699999999997;5;5
1798;0.81342;0.367533;5;5
1799;0.813675;0.442245;5;5
1800;0.814218;0.366643;5;5
1801;0.814637;0.563955;5;5
1802;0.815002;0.37915;5;5
1803;0.815837;0.48908;5;5
1804;0.816325;0.5559529999999999;5;5
1805;0.81722;0.647008;5;5
1806;0.817902;0.5293220000000001;5;5
1807;0.818237;0.620667;5;5
1808;0.818638;0.40391;5;5
1809;0.819275;0.542572;5;5
1810;0.819768;0.46789;5;5
1811;0.8201799999999999;0.60849;5;5
1812;0.8206979999999999;0.626592;5;5
1813;0.8218129999999999;0.515727;5;5
1814;0.82284;0.619868;5;5
1815;0.8236180000000001;0.385203;5;5
1816;0.824045;0.39350799999999997;5;5
1817;0.824575;0.6172949999999999;5;5
1818;0.82491;0.527303;5;5
1819;0.8256020000000001;0.529103;5;5
1820;0.826263;0.43994700000000003;5;5
1821;0.826573;0.54271;5;5
1822;0.826833;0.506475;5;5
1823;0.8276879999999999;0.5546369999999999;5;5
1824;0.827967;0.42907700000000004;5;5
1825;0.8284100000000001;0.531072;5;5
1826;0.828965;0.640442;5;5
1827;0.829493;0.41856800000000005;5;5
1828;0.8300069999999999;0.6289170000000001;5;5
1829;0.8301379999999999;0.38356;5;5
1830;0.83047;0.596675;5;5
1831;0.8308719999999999;0.48680200000000007;5;5
1832;0.8311620000000001;0.582987;5;5
1833;0.831472;0.373448;5;5
1834;0.8321379999999999;0.566868;5;5
1835;0.8324729999999999;0.570222;5;5
1836;0.8331049999999999;0.476517;5;5
1837;0.833975;0.412415;5;5
1838;0.834493;0.39905799999999997;5;5
1839;0.8349;0.614563;5;5
1840;0.835175;0.47358199999999995;5;5
1841;0.835342;0.533;5;5
1842;0.8362379999999999;0.41184;5;5
1843;0.8368120000000001;0.348592;5;5
1844;0.837067;0.554387;5;5
1845;0.8372129999999999;0.5535180000000001;5;5
1846;0.8373520000000001;0.648255;5;5
1847;0.837733;0.378225;5;5
1848;0.83846;0.51239;5;5
1849;0.83873;0.6437729999999999;5;5
1850;0.839412;0.617498;5;5
1851;0.8398530000000001;0.531768;5;5
1852;0.840988;0.5226029999999999;5;5
1853;0.841462;0.389837;5;5
1854;0.8417870000000001;0.362442;5;5
1855;0.842758;0.512655;5;5
1856;0.8445729999999999;0.49494499999999997;5;5
1857;0.84524;0.442688;5;5
1858;0.845968;0.36696799999999996;5;5
1859;0.8462370000000001;0.366073;5;5
1860;0.84672;0.6474770000000001;5;5
1861;0.84703;0.510025;5;5
1862;0.847193;0.591328;5;5
1863;0.847535;0.459513;5;5
1864;0.848058;0.56693;5;5
1865;0.848867;0.55425;5;5
1866;0.84931;0.37243200000000004;5;5
1867;0.8495379999999999;0.610662;5;5
1868;0.850592;0.428878;5;5
1869;0.85114;0.46318000000000004;5;5
1870;0.851938;0.365962;5;5
1871;0.852402;0.490255;5;5
1872;0.8534649999999999;0.507985;5;5
1873;0.853852;0.576665;5;5
1874;0.854558;0.606578;5;5
1875;0.855138;0.461608;5;5
1876;0.8552299999999999;0.377432;5;5
1877;0.85555;0.41276499999999994;5;5
1878;0.855698;0.571675;5;5
1879;0.85616;0.524317;5;5
1880;0.856893;0.44287200000000004;5;5
1881;0.8573200000000001;0.38181;5;5
1882;0.858215;0.510667;5;5
1883;0.859152;0.60441;5;5
1884;0.859685;0.59672;5;5
1885;0.860642;0.518483;5;5
1886;0.8609979999999999;0.382405;5;5
1887;0.861293;0.370143;5;5
1888;0.86141;0.472818;5;5
1889;0.861842;0.635595;5;5
1890;0.8623149999999999;0.500987;5;5
1891;0.8631280000000001;0.49283299999999997;5;5
1892;0.863562;0.46583500000000005;5;5
1893;0.8637600000000001;0.59109;5;5
1894;0.864583;0.439617;5;5
1895;0.8649600000000001;0.40868699999999997;5;5
1896;0.8660129999999999;0.506745;5;5
1897;0.8670450000000001;0.546523;5;5
1898;0.8673700000000001;0.49404799999999993;5;5
1899;0.867605;0.424062;5;5
1900;0.8684629999999999;0.452937;5;5
1901;0.86885;0.377177;5;5
1902;0.869725;0.392608;5;5
1903;0.870325;0.46673000000000003;5;5
1904;0.870518;0.62238;5;5
1905;0.871028;0.40865;5;5
1906;0.8714350000000001;0.492238;5;5
1907;0.872635;0.41619300000000004;5;5
1908;0.873123;0.544383;5;5
1909;0.873718;0.603413;5;5
1910;0.874323;0.43659;5;5
1911;0.874948;0.393315;5;5
1912;0.8756;0.5743199999999999;5;5
1913;0.875697;0.600183;5;5
1914;0.876257;0.5964;5;5
1915;0.877202;0.532333;5;5
1916;0.877777;0.390732;5;5
1917;0.8779549999999999;0.600012;5;5
1918;0.8784280000000001;0.549032;5;5
1919;0.8792120000000001;0.47208199999999995;5;5
1920;0.879923;0.39402800000000004;5;5
1921;0.881165;0.546265;5;5
1922;0.8828530000000001;0.6057779999999999;5;5
1923;0.883835;0.43440200000000007;5;5
1924;0.884532;0.566573;5;5
1925;0.885142;0.5433399999999999;5;5
1926;0.8857729999999999;0.402537;5;5
1927;0.8863219999999999;0.5799;5;5
1928;0.887033;0.520798;5;5
1929;0.88765;0.568227;5;5
1930;0.888143;0.483225;5;5
1931;0.889048;0.41372200000000003;5;5
1932;0.8893129999999999;0.430623;5;5
1933;0.890092;0.429367;5;5
1934;0.8906649999999999;0.513987;5;5
1935;0.891185;0.505677;5;5
1936;0.891912;0.5439350000000001;5;5
1937;0.8924620000000001;0.420048;5;5
1938;0.892908;0.542013;5;5
1939;0.894383;0.46425299999999997;5;5
1940;0.8944700000000001;0.49975699999999995;5;5
1941;0.895777;0.40599;5;5
1942;0.8961530000000001;0.57167;5;5
1943;0.8968870000000001;0.408065;5;5
1944;0.897898;0.547725;5;5
1945;0.89886;0.468567;5;5
1946;0.899668;0.47431;5;5
1947;0.900798;0.50115;5;5
1948;0.901983;0.404373;5;5
1949;0.902415;0.570725;5;5
1950;0.9025270000000001;0.49785799999999997;5;5
1951;0.903183;0.488088;5;5
1952;0.90536;0.46753;5;5
1953;0.908025;0.46406000000000003;5;5
1954;0.909063;0.556615;5;5
1955;0.909428;0.412455;5;5
1956;0.9104200000000001;0.45426000000000005;5;5
1957;0.91122;0.43174700000000005;5;5
1958;0.911637;0.446883;5;5
1959;0.912308;0.48822;5;5
1960;0.9151520000000001;0.44479300000000005;5;5
1961;0.9159229999999999;0.551682;5;5
1962;0.9160370000000001;0.476358;5;5
1963;0.9170780000000001;0.48247799999999996;5;5
1964;0.919322;0.48380500000000004;5;5
1965;0.921035;0.55603;5;5
1966;0.92127;0.43282;5;5
1967;0.9237719999999999;0.457632;5;5
1968;0.925242;0.446035;5;5
1969;0.926692;0.567088;5;5
1970;0.928315;0.51683;5;5
1971;0.9295549999999999;0.47800699999999996;5;5
1972;0.931082;0.49714200000000003;5;5
1973;0.931635;0.522053;5;5
1974;0.9327129999999999;0.44566300000000003;5;5
1975;0.933008;0.49284300000000003;5;5
1976;0.9348700000000001;0.482967;5;5
1977;0.936702;0.48829700000000004;5;5
1978;0.9373319999999999;0.467488;5;5
1979;0.937602;0.459538;5;5
1980;0.9398299999999999;0.49116000000000004;5;5
1981;0.943003;0.54894;5;1
1982;0.945867;0.511648;5;5
1983;0.946767;0.44810500000000003;5;5
1984;0.947733;0.501312;5;5
1985;0.9488629999999999;0.494263;5;5
1986;0.9502719999999999;0.470265;5;5
1987;0.9521879999999999;0.479883;5;5
1988;0.9524950000000001;0.543335;5;5
1989;0.954463;0.517415;5;5
1990;0.9564870000000001;0.51682;5;5
1991;0.958298;0.484162;5;5
1992;0.960393;0.53446;5;5
1993;0.9643;0.48920699999999995;5;5
1994;0.9693350000000001;0.506185;5;5
1995;0.970612;0.50858;5;5
1996;0.971888;0.5101829999999999;5;5
1997;0.9782;0.508595;5;5
1998;0.982087;0.483795;5;5
1999;0.986135;0.5099229999999999;5;5
2000;0.010473;0.8342799999999999;6;6
2001;0.014653;0.8204799999999999;6;6
2002;0.018067;0.838512;6;6
2003;0.022719999999999997;0.8386899999999999;6;6
2004;0.028183;0.8533379999999999;6;6
2005;0.031957;0.824142;6;6
2006;0.033523000000000004;0.8386680000000001;6;6
2007;0.035955;0.8658799999999999;6;6
2008;0.03864;0.853418;6;6
2009;0.040477;0.80752;6;6
2010;0.040873;0.8539629999999999;6;6
2011;0.041885000000000006;0.806305;6;6
2012;0.042903;0.80424;6;6
2013;0.044952;0.859467;6;6
2014;0.045877999999999995;0.8551479999999999;6;6
2015;0.048369999999999996;0.8376469999999999;6;6
2016;0.055125;0.7948;6;6
2017;0.05714299999999999;0.838577;6;6
2018;0.057358000000000006;0.8762469999999999;6;6
2019;0.058298;0.7917529999999999;6;6
2020;0.059952;0.816533;6;6
2021;0.060704999999999995;0.7768550000000001;6;6
2022;0.061987;0.77769;6;6
2023;0.06329800000000001;0.795043;6;6
2024;0.06456;0.840567;6;6
2025;0.065207;0.863743;6;6
2026;0.065822;0.77271;6;6
2027;0.06756000000000001;0.809713;6;6
2028;0.069798;0.8405969999999999;6;6
2029;0.071427;0.873093;6;6
2030;0.07334299999999999;0.905325;6;6
2031;0.075048;0.831742;6;6
2032;0.075902;0.8284969999999999;6;6
2033;0.07801799999999999;0.863143;6;6
2034;0.07875499999999999;0.827052;6;6
2035;0.080012;0.8947299999999999;6;6
2036;0.08040800000000001;0.8598120000000001;6;6
2037;0.08109;0.846197;6;6
2038;0.082865;0.8917649999999999;6;6
2039;0.083745;0.790323;6;6
2040;0.084803;0.8996280000000001;6;6
2041;0.08583500000000001;0.8304950000000001;6;6
2042;0.086227;0.8558600000000001;6;6
2043;0.08659299999999999;0.809652;6;6
2044;0.08734700000000001;0.879502;6;6
2045;0.087758;0.90975;6;6
2046;0.089147;0.794438;6;6
2047;0.090302;0.874343;6;6
2048;0.090963;0.821895;6;6
2049;0.09169;0.8136180000000001;6;6
2050;0.09315;0.749343;6;6
2051;0.093735;0.829875;6;6
2052;0.094137;0.7419279999999999;6;6
2053;0.0958;0.8735299999999999;6;6
2054;0.096318;0.748967;6;6
2055;0.097488;0.8277329999999999;6;6
2056;0.097682;0.809825;6;6
2057;0.09929299999999999;0.842087;6;6
2058;0.099985;0.738378;6;6
2059;0.10169500000000001;0.766988;6;6
2060;0.10198;0.8498129999999999;6;6
2061;0.103247;0.779663;6;6
2062;0.10446199999999999;0.8527020000000001;6;6
2063;0.10491500000000001;0.8823799999999999;6;6
2064;0.105993;0.792222;6;6
2065;0.106675;0.884958;6;6
2066;0.108002;0.816325;6;6
2067;0.109375;0.80362;6;6
2068;0.10988800000000001;0.808437;6;6
2069;0.11059000000000001;0.7664479999999999;6;6
2070;0.11081500000000001;0.871028;6;6
2071;0.111445;0.9198049999999999;6;6
2072;0.112167;0.9371079999999999;6;6
2073;0.113322;0.7804;6;6
2074;0.113825;0.833893;6;6
2075;0.11461800000000001;0.9051819999999999;6;6
2076;0.115377;0.9331969999999999;6;6
2077;0.115972;0.930787;6;6
2078;0.11658699999999998;0.895127;6;6
2079;0.117157;0.8362430000000001;6;6
2080;0.118555;0.8930469999999999;6;6
2081;0.119308;0.888783;6;6
2082;0.120305;0.932552;6;6
2083;0.120773;0.7842100000000001;6;6
2084;0.12101700000000001;0.7179369999999999;6;6
2085;0.121973;0.953197;6;6
2086;0.122253;0.802567;6;6
2087;0.122722;0.807235;6;6
2088;0.123052;0.873582;6;6
2089;0.123377;0.928177;6;6
2090;0.123662;0.724528;6;6
2091;0.12418699999999999;0.937118;6;6
2092;0.124293;0.7356520000000001;6;6
2093;0.125255;0.7221479999999999;6;6
2094;0.126398;0.723693;6;6
2095;0.12732000000000002;0.87531;6;6
2096;0.12751300000000002;0.724147;6;6
2097;0.12806700000000001;0.7476;6;6
2098;0.128942;0.887925;6;6
2099;0.129028;0.923117;6;6
2100;0.129105;0.926818;6;6
2101;0.129913;0.73288;6;6
2102;0.130397;0.771093;6;6
2103;0.130793;0.91891;6;6
2104;0.131403;0.814707;6;6
2105;0.131653;0.704367;6;6
2106;0.132248;0.888798;6;6
2107;0.13265;0.791763;6;6
2108;0.133285;0.839325;6;6
2109;0.13348800000000002;0.92011;6;6
2110;0.13383499999999998;0.72817;6;6
2111;0.134562;0.707317;6;6
2112;0.135427;0.810008;6;6
2113;0.135967;0.7764479999999999;6;6
2114;0.136073;0.907852;6;6
2115;0.136312;0.8690180000000001;6;6
2116;0.136733;0.949357;6;6
2117;0.138337;0.955433;6;6
2118;0.139292;0.757737;6;6
2119;0.14002;0.891753;6;6
2120;0.140228;0.7844800000000001;6;6
2121;0.141042;0.9051049999999999;6;6
2122;0.141453;0.924275;6;6
2123;0.141567;0.8194629999999999;6;6
2124;0.14185;0.725743;6;6
2125;0.142543;0.702728;6;6
2126;0.142797;0.8483879999999999;6;6
2127;0.14325;0.9493719999999999;6;6
2128;0.14389000000000002;0.847865;6;6
2129;0.14505;0.977442;6;6
2130;0.145472;0.7590180000000001;6;6
2131;0.14649500000000001;0.722727;6;6
2132;0.14733800000000002;0.722092;6;6
2133;0.147507;0.714615;6;6
2134;0.147873;0.8163;6;6
2135;0.14843199999999998;0.825607;6;6
2136;0.14926199999999998;0.708765;6;6
2137;0.14940799999999999;0.9355020000000001;6;6
2138;0.149582;0.9268129999999999;6;6
2139;0.15065499999999998;0.861115;6;6
2140;0.15112799999999998;0.9734649999999999;6;6
2141;0.151927;0.780187;6;6
2142;0.15299000000000001;0.8290299999999999;6;6
2143;0.153722;0.8895870000000001;6;6
2144;0.154592;0.9788469999999999;6;6
2145;0.155177;0.9195549999999999;6;6
2146;0.15562;0.946772;6;6
2147;0.156408;0.777933;6;6
2148;0.157155;0.686355;6;6
2149;0.157212;0.692637;6;6
2150;0.15798;0.7367199999999999;6;6
2151;0.158925;0.70607;6;6
2152;0.160137;0.84995;6;6
2153;0.160512;0.929718;6;6
2154;0.160583;0.779887;6;6
2155;0.161392;0.7059979999999999;6;6
2156;0.161778;0.74673;6;6
2157;0.162338;0.895868;6;6
2158;0.16256199999999998;0.970032;6;6
2159;0.163493;0.762512;6;6
2160;0.164423;0.9742379999999999;6;6
2161;0.164627;0.744853;6;6
2162;0.16479000000000002;0.784093;6;6
2163;0.165197;0.9525870000000001;6;6
2164;0.16641199999999998;0.9332729999999999;6;6
2165;0.16663699999999998;0.775437;6;6
2166;0.167155;0.901007;6;6
2167;0.16753099999999999;0.7808430000000001;6;6
2168;0.168121;0.926992;6;6
2169;0.168213;0.732687;6;6
2170;0.16888399999999998;0.9463600000000001;6;6
2171;0.16923;0.76794;6;6
2172;0.169871;0.908178;6;6
2173;0.170217;0.9753219999999999;6;6
2174;0.170354;0.895228;6;6
2175;0.170843;0.801528;6;6
2176;0.171824;0.9691219999999999;6;6
2177;0.172241;0.9730120000000001;6;6
2178;0.172602;0.7393029999999999;6;6
2179;0.172994;0.8503219999999999;6;6
2180;0.17334000000000002;0.719965;6;6
2181;0.174032;0.7692869999999999;6;6
2182;0.174678;0.82104;6;6
2183;0.174957;0.9487200000000001;6;6
2184;0.17605099999999999;0.685603;6;6
2185;0.177556;0.9657180000000001;6;6
2186;0.17835499999999999;0.711395;6;6
2187;0.178502;0.879685;6;6
2188;0.178833;0.8611549999999999;6;6
2189;0.179271;0.8225870000000001;6;6
2190;0.179911;0.82255;6;6
2191;0.18053699999999998;0.936285;6;6
2192;0.181534;0.84821;6;6
2193;0.182103;0.860102;6;6
2194;0.18337;0.725785;6;6
2195;0.18371600000000002;0.950837;6;6
2196;0.18392999999999998;0.8918200000000001;6;6
2197;0.184326;0.706395;6;6
2198;0.18450899999999998;0.752462;6;6
2199;0.18485;0.846643;6;6
2200;0.185557;0.874868;6;6
2201;0.186752;0.828363;6;6
2202;0.187612;0.922068;6;6
2203;0.188227;0.95315;6;6
2204;0.188873;0.877762;6;6
2205;0.190445;0.8054399999999999;6;6
2206;0.19132000000000002;0.950103;6;6
2207;0.192139;0.767598;6;6
2208;0.193044;0.895863;6;6
2209;0.19411199999999998;0.7142729999999999;6;6
2210;0.195048;0.9263;6;6
2211;0.196447;0.857367;6;6
2212;0.196879;0.736537;6;6
2213;0.197525;0.744348;6;6
2214;0.198115;0.9164680000000001;6;6
2215;0.199046;0.791097;6;6
2216;0.19927999999999998;0.8934219999999999;6;6
2217;0.19966099999999998;0.9541370000000001;6;6
2218;0.200292;0.767288;6;6
2219;0.201172;0.8242229999999999;6;6
2220;0.201503;0.8853719999999999;6;6
2221;0.202093;0.82163;6;6
2222;0.202703;0.760157;6;6
2223;0.203034;0.820292;6;6
2224;0.203654;0.7071430000000001;6;6
2225;0.20462;0.878108;6;6
2226;0.20541399999999999;0.8383780000000001;6;6
2227;0.206177;0.751123;6;6
2228;0.206634;0.947485;6;6
2229;0.20739200000000002;0.72432;6;6
2230;0.20817600000000003;0.714895;6;6
2231;0.208852;0.753123;6;6
2232;0.208918;0.73495;6;6
2233;0.209279;0.836517;6;6
2234;0.20989499999999997;0.776148;6;6
2235;0.211619;0.8236030000000001;6;6
2236;0.21285500000000002;0.76735;6;6
2237;0.214167;0.7419180000000001;6;6
2238;0.214885;0.75475;6;6
2239;0.21515399999999998;0.7340899999999999;6;6
2240;0.215358;0.8465879999999999;6;6
2241;0.215535;0.896468;6;6
2242;0.21597800000000003;0.87382;6;6
2243;0.21633899999999998;0.81807;6;6
2244;0.216588;0.7528729999999999;6;6
2245;0.21696;0.8729549999999999;6;6
2246;0.21739699999999998;0.89597;6;6
2247;0.21767199999999998;0.74297;6;6
2248;0.21831199999999998;0.8895120000000001;6;6
2249;0.218633;0.724467;6;6
2250;0.219203;0.854147;6;6
2251;0.219727;0.904465;6;6
2252;0.22055100000000002;0.856232;6;6
2253;0.221914;0.7261770000000001;6;6
2254;0.222433;0.775417;6;6
2255;0.222829;0.804163;6;6
2256;0.224269;0.724772;6;6
2257;0.224859;0.8254799999999999;6;6
2258;0.225133;0.8143100000000001;6;6
2259;0.225489;0.939315;6;1
2260;0.226018;0.861502;6;6
2261;0.226537;0.836543;6;6
2262;0.227147;0.7625069999999999;6;6
2263;0.22758;0.809493;6;6
2264;0.228246;0.89861;6;6
2265;0.22891199999999998;0.82636;6;6
2266;0.22938499999999998;0.789723;6;6
2267;0.230225;0.7850699999999999;6;6
2268;0.23070300000000002;0.849142;6;6
2269;0.231033;0.869933;6;6
2270;0.231506;0.8829299999999999;6;6
2271;0.23228000000000001;0.82455;6;6
2272;0.232992;0.747798;6;6
2273;0.23472600000000002;0.811895;6;6
2274;0.236287;0.9060469999999999;6;6
2275;0.237;0.79628;6;6
2276;0.238225;0.868265;6;6
2277;0.239497;0.855245;6;6
2278;0.240173;0.768753;6;6
2279;0.24037199999999997;0.874497;6;6
2280;0.24084;0.893488;6;6
2281;0.241826;0.844447;6;6
2282;0.243612;0.861663;6;6
2283;0.244365;0.8453780000000001;6;6
2284;0.245427;0.912695;6;6
2285;0.24571700000000002;0.87349;6;6
2286;0.246119;0.8747149999999999;6;6
2287;0.24669899999999997;0.880717;6;6
2288;0.246984;0.9018299999999999;6;6
2289;0.24743600000000002;0.753815;6;6
2290;0.24927800000000003;0.9122170000000001;6;6
2291;0.249995;0.840413;6;6
2292;0.250636;0.897482;6;6
2293;0.251653;0.8791100000000001;6;6
2294;0.252243;0.8582770000000001;6;6
2295;0.25259899999999996;0.770818;6;6
2296;0.2544;0.784698;6;6
2297;0.255371;0.766113;6;6
2298;0.258179;0.850932;6;6
2299;0.258942;0.879492;6;6
2300;0.260279;0.881547;6;6
2301;0.26149;0.7945770000000001;6;6
2302;0.262914;0.797693;6;6
2303;0.264094;0.864187;6;6
2304;0.264872;0.898962;6;6
2305;0.265366;0.89092;6;6
2306;0.265716;0.782817;6;6
2307;0.267283;0.82195;6;6
2308;0.268804;0.892375;6;6
2309;0.27065500000000003;0.842458;6;6
2310;0.27170300000000003;0.894832;6;6
2311;0.273346;0.79982;6;6
2312;0.27419499999999997;0.803578;6;6
2313;0.274902;0.8597469999999999;6;6
2314;0.27650399999999997;0.812723;6;6
2315;0.279439;0.876215;6;6
2316;0.280523;0.855892;6;6
2317;0.282384;0.8366129999999999;6;6
2318;0.284287;0.859608;6;6
2319;0.28787199999999996;0.7969;6;6
2320;0.28891;0.8220270000000001;6;6
2321;0.291133;0.8346549999999999;6;6
2322;0.29252100000000003;0.85582;6;6
2323;0.294729;0.79892;6;6
2324;0.297653;0.80842;6;6
2325;0.29996799999999996;0.8178770000000001;6;6
2326;0.301793;0.835617;6;6
2327;0.304769;0.826752;6;6
2328;0.309469;0.823593;6;6
2329;0.31091799999999997;0.8409270000000001;6;6
2330;0.312607;0.8170569999999999;6;6
2331;0.31606599999999996;0.843073;6;6
2332;0.31709299999999996;0.82101;6;6
2333;0.344991;0.826838;7;6
2334;0.347382;0.825118;7;7
2335;0.349538;0.8419030000000001;7;7
2336;0.355535;0.8299350000000001;7;7
2337;0.358668;0.8551479999999999;7;7
2338;0.359833;0.8149569999999999;7;7
2339;0.360652;0.820953;7;7
2340;0.362493;0.8613629999999999;7;7
2341;0.36378;0.8622799999999999;7;7
2342;0.365321;0.825837;7;7
2343;0.36742199999999997;0.861475;7;7
2344;0.369115;0.8053130000000001;7;7
2345;0.36962399999999995;0.862402;7;7
2346;0.37295;0.8021229999999999;7;7
2347;0.37362199999999995;0.869598;7;7
2348;0.376327;0.8232520000000001;7;7
2349;0.37940999999999997;0.8009850000000001;7;7
2350;0.380498;0.843073;7;7
2351;0.38266;0.859345;7;7
2352;0.38400300000000004;0.8161930000000001;7;7
2353;0.385162;0.8392229999999999;7;7
2354;0.386332;0.808802;7;7
2355;0.38709;0.8648379999999999;7;7
2356;0.388463;0.858353;7;7
2357;0.391403;0.885387;7;7
2358;0.392014;0.796285;7;7
2359;0.393529;0.8897149999999999;7;7
2360;0.39473;0.8198850000000001;7;7
2361;0.39612800000000004;0.8081619999999999;7;7
2362;0.397502;0.808715;7;7
2363;0.398183;0.798095;7;7
2364;0.398463;0.828368;7;7
2365;0.401917;0.765767;7;7
2366;0.40268000000000004;0.8534079999999999;7;7
2367;0.40364099999999997;0.800353;7;7
2368;0.404638;0.7951050000000001;7;7
2369;0.406046;0.7867430000000001;7;7
2370;0.407567;0.9036870000000001;7;7
2371;0.40816199999999997;0.850693;7;7
2372;0.40867600000000004;0.765692;7;7
2373;0.40975500000000004;0.8160970000000001;7;7
2374;0.410858;0.805283;7;7
2375;0.41179899999999997;0.8989719999999999;7;7
2376;0.412521;0.8480530000000001;7;7
2377;0.41400699999999996;0.807098;7;7
2378;0.414612;0.88739;7;7
2379;0.41511499999999996;0.9079799999999999;7;7
2380;0.416178;0.791503;7;7
2381;0.41793800000000003;0.8040970000000001;7;7
2382;0.418767;0.818638;7;7
2383;0.419261;0.838353;7;7
2384;0.420263;0.852773;7;7
2385;0.42110699999999995;0.870692;7;7
2386;0.42211400000000004;0.913767;7;7
2387;0.42255699999999996;0.79568;7;7
2388;0.423508;0.760258;7;7
2389;0.42508500000000005;0.7468;7;7
2390;0.42573;0.770767;7;7
2391;0.42619799999999997;0.9006299999999999;7;7
2392;0.42753100000000005;0.7583;7;7
2393;0.428141;0.8627319999999999;7;7
2394;0.42945900000000004;0.908422;7;7
2395;0.430069;0.773158;7;7
2396;0.431875;0.7384029999999999;7;7
2397;0.433095;0.85057;7;7
2398;0.434921;0.9225969999999999;7;7
2399;0.43576099999999995;0.863597;7;7
2400;0.435933;0.8887780000000001;7;7
2401;0.436615;0.762568;7;7
2402;0.43739300000000003;0.756123;7;7
2403;0.437856;0.8265530000000001;7;7
2404;0.438126;0.8338120000000001;7;7
2405;0.438522;0.76386;7;7
2406;0.43936099999999995;0.744598;7;7
2407;0.43944300000000003;0.9313299999999999;7;7
2408;0.44018500000000005;0.91101;7;7
2409;0.441116;0.857355;7;7
2410;0.441981;0.7696930000000001;7;7
2411;0.44262700000000005;0.814728;7;7
2412;0.443929;0.7932779999999999;7;7
2413;0.445038;0.8468829999999999;7;7
2414;0.446279;0.9047700000000001;7;7
2415;0.446513;0.746745;7;7
2416;0.44732700000000003;0.737672;7;7
2417;0.44823199999999996;0.922572;7;7
2418;0.449112;0.7416729999999999;7;7
2419;0.450088;0.8275870000000001;7;7
2420;0.450622;0.9023700000000001;7;7
2421;0.45074;0.75559;7;7
2422;0.45109099999999996;0.85821;7;7
2423;0.45137;0.7511800000000001;7;7
2424;0.452097;0.733113;7;7
2425;0.453283;0.860708;7;7
2426;0.453705;0.94014;7;7
2427;0.4543;0.764368;7;7
2428;0.45532700000000004;0.80337;7;7
2429;0.455632;0.8949030000000001;7;7
2430;0.45633500000000005;0.803365;7;7
2431;0.45757;0.9295;7;7
2432;0.45816;0.8153630000000001;7;7
2433;0.458766;0.795507;7;7
2434;0.45921300000000004;0.9540549999999999;7;7
2435;0.45956899999999995;0.724888;7;7
2436;0.46081000000000005;0.84639;7;7
2437;0.461934;0.741358;7;7
2438;0.462667;0.773605;7;7
2439;0.46412200000000003;0.9407549999999999;7;7
2440;0.4643;0.764638;7;7
2441;0.465185;0.9409379999999999;7;7
2442;0.46540299999999996;0.73024;7;7
2443;0.466563;0.887817;7;7
2444;0.467133;0.7950649999999999;7;7
2445;0.46758999999999995;0.789165;7;7
2446;0.46823100000000006;0.8588620000000001;7;7
2447;0.468653;0.925155;7;7
2448;0.46928400000000003;0.8256530000000001;7;7
2449;0.46988900000000006;0.769587;7;7
2450;0.47007200000000005;0.822932;7;7
2451;0.47095699999999996;0.769887;7;7
2452;0.471451;0.77974;7;7
2453;0.47172;0.840007;7;7
2454;0.47191400000000006;0.970103;7;7
2455;0.47300699999999996;0.832478;7;7
2456;0.47342399999999996;0.750533;7;7
2457;0.47419700000000004;0.9325100000000001;7;7
2458;0.475088;0.8318479999999999;7;7
2459;0.475616;0.8665870000000001;7;7
2460;0.47584;0.694;7;7
2461;0.47643;0.903198;7;7
2462;0.47689799999999993;0.9655819999999999;7;7
2463;0.47698500000000005;0.879343;7;7
2464;0.477137;0.9288930000000001;7;7
2465;0.47731;0.838593;7;7
2466;0.478551;0.71049;7;7
2467;0.47908999999999996;0.731058;7;7
2468;0.479538;0.7708229999999999;7;7
2469;0.47991999999999996;0.797495;7;7
2470;0.48090600000000006;0.693603;7;7
2471;0.481171;0.7219180000000001;7;7
2472;0.481522;0.8498530000000001;7;7
2473;0.48182700000000006;0.764872;7;7
2474;0.482595;0.8806200000000001;7;7
2475;0.483149;0.7252149999999999;7;7
2476;0.48466000000000004;0.889135;7;7
2477;0.48521899999999996;0.7471869999999999;7;7
2478;0.485443;0.694315;7;7
2479;0.486084;0.73028;7;7
2480;0.48703;0.93335;7;7
2481;0.487493;0.688217;7;7
2482;0.487671;0.827275;7;7
2483;0.48813900000000005;0.9775280000000001;7;7
2484;0.48880500000000005;0.8359629999999999;7;7
2485;0.489548;0.9180799999999999;7;7
2486;0.490072;0.946685;7;7
2487;0.490641;0.8031;7;7
2488;0.49111899999999997;0.7720279999999999;7;7
2489;0.49200900000000003;0.691025;7;7
2490;0.49226400000000003;0.776342;7;7
2491;0.492533;0.800948;7;7
2492;0.493184;0.979497;7;7
2493;0.493591;0.942185;7;7
2494;0.494054;0.938685;7;7
2495;0.494283;0.8616950000000001;7;7
2496;0.494558;0.83163;7;7
2497;0.49505600000000005;0.8540549999999999;7;7
2498;0.49536099999999994;0.885493;7;7
2499;0.495982;0.8351649999999999;7;7
2500;0.49666899999999997;0.809022;7;7
2501;0.49747700000000006;0.765742;7;7
2502;0.49805200000000005;0.955765;7;7
2503;0.498825;0.7802020000000001;7;7
2504;0.499792;0.7143149999999999;7;7
2505;0.500732;0.685755;7;7
2506;0.501155;0.81335;7;7
2507;0.50147;0.862442;7;7
2508;0.501877;0.713735;7;7
2509;0.502293;0.688675;7;7
2510;0.502782;0.9283450000000001;7;7
2511;0.503713;0.711955;7;7
2512;0.5046579999999999;0.806778;7;7
2513;0.504827;0.8639530000000001;7;7
2514;0.505488;0.77686;7;7
2515;0.506017;0.8445280000000001;7;7
2516;0.506123;0.842052;7;7
2517;0.506393;0.8229879999999999;7;7
2518;0.506632;0.939448;7;7
2519;0.507675;0.883077;7;7
2520;0.5079600000000001;0.892115;7;7
2521;0.50821;0.8655700000000001;7;7
2522;0.508483;0.676203;7;7
2523;0.5092220000000001;0.8672780000000001;7;7
2524;0.50973;0.6909029999999999;7;7
2525;0.510243;0.932847;7;7
2526;0.510727;0.7962130000000001;7;7
2527;0.5117550000000001;0.861298;7;7
2528;0.512563;0.82045;7;7
2529;0.513077;0.68398;7;7
2530;0.513835;0.9547979999999999;7;7
2531;0.51444;0.7268020000000001;7;7
2532;0.514745;0.746618;7;7
2533;0.5155850000000001;0.876552;7;7
2534;0.5162869999999999;0.8185680000000001;7;7
2535;0.516545;0.837758;7;7
2536;0.517827;0.693187;7;7
2537;0.518397;0.9648629999999999;7;7
2538;0.519638;0.9529620000000001;7;7
2539;0.5200100000000001;0.9090729999999999;7;7
2540;0.520412;0.7865300000000001;7;7
2541;0.521022;0.80247;7;7
2542;0.521637;0.897593;7;7
2543;0.522048;0.800063;7;7
2544;0.5223899999999999;0.777675;7;7
2545;0.523107;0.799768;7;7
2546;0.52355;0.941392;7;7
2547;0.52387;0.956965;7;7
2548;0.524287;0.868347;7;7
2549;0.52507;0.8493200000000001;7;7
2550;0.525717;0.704367;7;7
2551;0.526907;0.9721879999999999;7;7
2552;0.52773;0.795435;7;7
2553;0.52827;0.782822;7;7
2554;0.52885;0.9594370000000001;7;7
2555;0.529093;0.9269870000000001;7;7
2556;0.5298470000000001;0.82845;7;7
2557;0.530528;0.706625;7;7
2558;0.53125;0.9481299999999999;7;7
2559;0.531922;0.9034780000000001;7;7
2560;0.5325979999999999;0.713018;7;7
2561;0.533367;0.790263;7;7
2562;0.533645;0.7315619999999999;7;7
2563;0.5347029999999999;0.868815;7;7
2564;0.535608;0.8566280000000001;7;7
2565;0.536575;0.7391;7;7
2566;0.537522;0.9316399999999999;7;7
2567;0.537775;0.909225;7;7
2568;0.538568;0.9147850000000001;7;7
2569;0.538972;0.8716229999999999;7;7
2570;0.5393020000000001;0.892933;7;7
2571;0.539867;0.871165;7;7
2572;0.5412399999999999;0.899175;7;7
2573;0.541743;0.8998;7;7
2574;0.5428270000000001;0.742885;7;7
2575;0.5437770000000001;0.9397780000000001;7;7
2576;0.544657;0.9350280000000001;7;7
2577;0.545222;0.7243850000000001;7;7
2578;0.546937;0.79538;7;7
2579;0.5475220000000001;0.740905;7;7
2580;0.549297;0.869757;7;7
2581;0.5498770000000001;0.77893;7;7
2582;0.550628;0.811508;7;7
2583;0.5512600000000001;0.89064;7;7
2584;0.552338;0.754787;7;7
2585;0.552653;0.8522700000000001;7;7
2586;0.553452;0.746913;7;7
2587;0.554032;0.8378950000000001;7;7
2588;0.554688;0.79985;7;7
2589;0.5552020000000001;0.901515;7;7
2590;0.555547;0.82463;7;7
2591;0.556055;0.7337279999999999;7;7
2592;0.5570930000000001;0.76567;7;7
2593;0.557887;0.81042;7;7
2594;0.5584319999999999;0.762613;7;7
2595;0.559032;0.765253;7;7
2596;0.560822;0.796042;7;7
2597;0.561087;0.869923;7;7
2598;0.562245;0.841192;7;7
2599;0.56275;0.8487450000000001;7;7
2600;0.5635979999999999;0.899683;7;7
2601;0.5643050000000001;0.743887;7;7
2602;0.564728;0.8476049999999999;7;7
2603;0.56512;0.925948;7;7
2604;0.565557;0.900553;7;7
2605;0.566875;0.74175;7;7
2606;0.5680029999999999;0.8765370000000001;7;7
2607;0.568603;0.864822;7;7
2608;0.570078;0.870138;7;7
2609;0.570663;0.785147;7;7
2610;0.571198;0.738988;7;7
2611;0.571645;0.906027;7;7
2612;0.572062;0.882288;7;7
2613;0.572592;0.892227;7;7
2614;0.5731;0.875473;7;7
2615;0.5739029999999999;0.767777;7;7
2616;0.5745279999999999;0.771922;7;7
2617;0.57609;0.751373;7;7
2618;0.57787;0.779267;7;7
2619;0.579753;0.8377829999999999;7;7
2620;0.5812930000000001;0.8365879999999999;7;7
2621;0.582082;0.866038;7;7
2622;0.583487;0.878302;7;7
2623;0.585688;0.8715719999999999;7;7
2624;0.585917;0.7660319999999999;7;7
2625;0.586603;0.844025;7;7
2626;0.588338;0.766057;7;7
2627;0.589625;0.779297;7;7
2628;0.591013;0.8281350000000001;7;7
2629;0.591843;0.826792;7;7
2630;0.592545;0.795172;7;7
2631;0.5934649999999999;0.8729049999999999;7;7
2632;0.594583;0.764572;7;7
2633;0.595337;0.766658;7;7
2634;0.59615;0.82575;7;7
2635;0.5965630000000001;0.76915;7;7
2636;0.59851;0.83642;7;7
2637;0.5998479999999999;0.8863219999999999;7;7
2638;0.6016130000000001;0.8718870000000001;7;7
2639;0.602935;0.864848;7;7
2640;0.604905;0.870072;7;7
2641;0.605585;0.8462219999999999;7;7
2642;0.6080220000000001;0.8284870000000001;7;7
2643;0.608445;0.784165;7;7
2644;0.609085;0.8509120000000001;7;7
2645;0.610347;0.829793;7;7
2646;0.6111800000000001;0.857783;7;7
2647;0.61382;0.80304;7;7
2648;0.61561;0.844467;7;7
2649;0.61733;0.8744149999999999;7;7
2650;0.619375;0.786728;7;7
2651;0.623047;0.800095;7;7
2652;0.625463;0.815068;7;7
2653;0.626257;0.8411870000000001;7;7
2654;0.6278279999999999;0.8523569999999999;7;7
2655;0.6331180000000001;0.8662569999999999;7;7
2656;0.635208;0.818945;7;7
2657;0.636103;0.840175;7;7
2658;0.638392;0.821523;7;7
2659;0.640483;0.851182;7;7
2660;0.643107;0.8327180000000001;7;7
2661;0.6452680000000001;0.8533069999999999;7;7
2662;0.648565;0.8204600000000001;7;7
2663;0.65009;0.849375;7;7
2664;0.651307;0.8361049999999999;7;7
2665;0.653112;0.8336530000000001;7;7
2666;0.659953;0.836217;7;7
2667;0.682902;0.849563;8;7
2668;0.686397;0.830515;8;7
2669;0.688817;0.823675;8;8
2670;0.6936180000000001;0.834377;8;8
2671;0.695343;0.8278200000000001;8;8
2672;0.698638;0.8532719999999999;8;8
2673;0.702153;0.830068;8;8
2674;0.704345;0.8014979999999999;8;8
2675;0.706868;0.825348;8;8
2676;0.710175;0.831807;8;8
2677;0.7112930000000001;0.801987;8;8
2678;0.712667;0.86526;8;8
2679;0.715002;0.846568;8;8
2680;0.71612;0.838405;8;8
2681;0.71727;0.8406629999999999;8;8
2682;0.71965;0.841923;8;8
2683;0.722498;0.8744149999999999;8;8
2684;0.72318;0.838267;8;8
2685;0.724142;0.7801819999999999;8;8
2686;0.724935;0.803447;8;8
2687;0.726197;0.8516229999999999;8;8
2688;0.727173;0.8761180000000001;8;8
2689;0.729833;0.829305;8;8
2690;0.730917;0.883753;8;8
2691;0.7326819999999999;0.780767;8;8
2692;0.7346550000000001;0.8290719999999999;8;8
2693;0.735845;0.891978;8;8
2694;0.736807;0.769807;8;8
2695;0.73787;0.762548;8;8
2696;0.739618;0.853088;8;8
2697;0.741857;0.7671720000000001;8;8
2698;0.743785;0.8243469999999999;8;8
2699;0.744822;0.761215;8;8
2700;0.746408;0.781225;8;8
2701;0.7474569999999999;0.826417;8;8
2702;0.747895;0.883178;8;8
2703;0.748907;0.7927850000000001;8;8
2704;0.749948;0.831787;8;8
2705;0.750545;0.8643129999999999;8;8
2706;0.7510020000000001;0.895702;8;8
2707;0.752263;0.778513;8;8
2708;0.753372;0.8617;8;8
2709;0.754938;0.9205270000000001;8;8
2710;0.755645;0.767618;8;8
2711;0.757253;0.918992;8;8
2712;0.758692;0.769887;8;8
2713;0.758962;0.781118;8;8
2714;0.759455;0.758337;8;8
2715;0.760372;0.7907770000000001;8;8
2716;0.761027;0.779688;8;8
2717;0.761205;0.820923;8;8
2718;0.7620279999999999;0.877833;8;8
2719;0.76298;0.9117879999999999;8;8
2720;0.76356;0.871088;8;8
2721;0.7653;0.9051319999999999;8;8
2722;0.765992;0.756185;8;8
2723;0.7664850000000001;0.816778;8;8
2724;0.766718;0.803437;8;8
2725;0.767548;0.8950100000000001;8;8
2726;0.768667;0.742762;8;8
2727;0.769668;0.8265979999999999;8;8
2728;0.770137;0.8584129999999999;8;8
2729;0.770595;0.815078;8;8
2730;0.771153;0.770975;8;8
2731;0.771907;0.734762;8;8
2732;0.772807;0.831543;8;8
2733;0.773255;0.8291729999999999;8;8
2734;0.774145;0.855607;8;8
2735;0.775112;0.836248;8;8
2736;0.775513;0.7540680000000001;8;8
2737;0.776163;0.826095;8;8
2738;0.777323;0.9384;8;8
2739;0.778142;0.927542;8;8
2740;0.7790630000000001;0.9317780000000001;8;8
2741;0.779353;0.886785;8;8
2742;0.780147;0.8229569999999999;8;8
2743;0.7818350000000001;0.722372;8;8
2744;0.783117;0.841543;8;8
2745;0.7838229999999999;0.78246;8;8
2746;0.7842720000000001;0.883133;8;8
2747;0.785365;0.75297;8;8
2748;0.78597;0.8990379999999999;8;8
2749;0.786565;0.858073;8;8
2750;0.787338;0.891753;8;8
2751;0.788065;0.817277;8;8
2752;0.788558;0.75145;8;8
2753;0.790767;0.825257;8;8
2754;0.791748;0.813217;8;8
2755;0.792083;0.938807;8;8
2756;0.793167;0.7725420000000001;8;8
2757;0.7934720000000001;0.919133;8;8
2758;0.793813;0.838098;8;8
2759;0.794312;0.951722;8;8
2760;0.7949930000000001;0.756617;8;8
2761;0.796148;0.8987780000000001;8;8
2762;0.796942;0.826792;8;8
2763;0.797552;0.776393;8;8
2764;0.798335;0.8364370000000001;8;8
2765;0.798588;0.917272;8;8
2766;0.799632;0.932622;8;8
2767;0.800507;0.809057;8;8
2768;0.801362;0.926;8;8
2769;0.802002;0.774353;8;8
2770;0.802597;0.9243469999999999;8;8
2771;0.802725;0.7712100000000001;8;8
2772;0.80308;0.806605;8;8
2773;0.803625;0.9549049999999999;8;8
2774;0.803878;0.7603;8;8
2775;0.8046270000000001;0.732553;8;8
2776;0.805008;0.8145899999999999;8;8
2777;0.805318;0.8585719999999999;8;8
2778;0.8065479999999999;0.891175;8;8
2779;0.8069;0.712493;8;8
2780;0.807368;0.832617;8;8
2781;0.80811;0.843785;8;8
2782;0.808523;0.890172;8;8
2783;0.808802;0.746517;8;8
2784;0.8094020000000001;0.832815;8;8
2785;0.809962;0.780025;8;8
2786;0.8102520000000001;0.89976;8;8
2787;0.81105;0.898733;8;8
2788;0.811833;0.88323;8;8
2789;0.8120729999999999;0.822688;8;8
2790;0.81247;0.761108;8;8
2791;0.812658;0.704325;8;8
2792;0.812862;0.781133;8;8
2793;0.813437;0.70995;8;8
2794;0.81393;0.77505;8;8
2795;0.814865;0.950678;8;8
2796;0.815923;0.797597;8;8
2797;0.816188;0.7186779999999999;8;8
2798;0.816392;0.857972;8;8
2799;0.8168479999999999;0.818462;8;8
2800;0.817153;0.8945420000000001;8;8
2801;0.8176680000000001;0.703633;8;8
2802;0.818075;0.9666549999999999;8;8
2803;0.818893;0.859618;8;8
2804;0.819112;0.793147;8;8
2805;0.819275;0.9471729999999999;8;8
2806;0.819498;0.7598020000000001;8;8
2807;0.8199;0.929783;8;8
2808;0.820232;0.7364649999999999;8;8
2809;0.8206129999999999;0.6884520000000001;8;8
2810;0.821578;0.691055;8;8
2811;0.821772;0.788833;8;8
2812;0.822282;0.872818;8;8
2813;0.8225969999999999;0.779032;8;8
2814;0.823583;0.849015;8;8
2815;0.8239700000000001;0.9109299999999999;8;8
2816;0.82519;0.796768;8;8
2817;0.825607;0.813817;8;8
2818;0.826218;0.895558;8;8
2819;0.8265530000000001;0.687022;8;8
2820;0.827468;0.67395;8;5
2821;0.82786;0.8694149999999999;8;8
2822;0.8281200000000001;0.702163;8;8
2823;0.828343;0.8382370000000001;8;8
2824;0.8284819999999999;0.685507;8;8
2825;0.8291219999999999;0.70021;8;8
2826;0.8292649999999999;0.696818;8;8
2827;0.8296969999999999;0.870193;8;8
2828;0.83104;0.725275;8;8
2829;0.8314370000000001;0.79243;8;8
2830;0.831665;0.7177979999999999;8;8
2831;0.832347;0.692973;8;8
2832;0.833282;0.7425579999999999;8;8
2833;0.834045;0.8416030000000001;8;8
2834;0.83462;0.818162;8;8
2835;0.83488;0.86766;8;8
2836;0.8352;0.9295399999999999;8;8
2837;0.8355299999999999;0.799657;8;8
2838;0.8357030000000001;0.949523;8;8
2839;0.8371069999999999;0.7326050000000001;8;8
2840;0.83759;0.8026220000000001;8;8
2841;0.8378549999999999;0.970683;8;8
2842;0.838053;0.851425;8;8
2843;0.838512;0.836457;8;8
2844;0.8388120000000001;0.7256319999999999;8;8
2845;0.8391120000000001;0.8796700000000001;8;8
2846;0.839208;0.850525;8;8
2847;0.8395530000000001;0.8797450000000001;8;8
2848;0.83996;0.7889550000000001;8;8
2849;0.8407379999999999;0.882415;8;8
2850;0.841192;0.71904;8;8
2851;0.841838;0.863582;8;8
2852;0.84259;0.9583950000000001;8;8
2853;0.8426319999999999;0.8714350000000001;8;8
2854;0.8436629999999999;0.9368850000000001;8;8
2855;0.844295;0.723765;8;8
2856;0.844793;0.987967;8;8
2857;0.8454799999999999;0.721182;8;8
2858;0.8462729999999999;0.9485020000000001;8;8
2859;0.846477;0.838425;8;8
2860;0.8468629999999999;0.8457479999999999;8;8
2861;0.847087;0.9440370000000001;8;8
2862;0.847513;0.9278219999999999;8;8
2863;0.848118;0.703497;8;8
2864;0.8484649999999999;0.767462;8;8
2865;0.8487399999999999;0.764383;8;8
2866;0.849132;0.964692;8;8
2867;0.849757;0.7521720000000001;8;8
2868;0.850123;0.888733;8;8
2869;0.850418;0.7485;8;8
2870;0.850582;0.96075;8;8
2871;0.851298;0.8996120000000001;8;8
2872;0.851852;0.917033;8;8
2873;0.852067;0.895915;8;8
2874;0.852248;0.779922;8;8
2875;0.853088;0.9161530000000001;8;8
2876;0.854147;0.895467;8;8
2877;0.8549200000000001;0.9207870000000001;8;8
2878;0.855667;0.7283729999999999;8;8
2879;0.855957;0.803182;8;8
2880;0.856512;0.7067720000000001;8;8
2881;0.856725;0.92189;8;8
2882;0.85765;0.8521629999999999;8;8
2883;0.859137;0.725855;8;8
2884;0.859858;0.7329399999999999;8;8
2885;0.861135;0.85025;8;8
2886;0.861527;0.717738;8;8
2887;0.8620700000000001;0.778838;8;8
2888;0.862848;0.8196;8;8
2889;0.863225;0.947592;8;8
2890;0.8637950000000001;0.818945;8;8
2891;0.8641049999999999;0.744125;8;8
2892;0.8646799999999999;0.9547680000000001;8;8
2893;0.8656;0.9135280000000001;8;8
2894;0.866195;0.823053;8;8
2895;0.8662920000000001;0.964518;8;8
2896;0.8670100000000001;0.759232;8;8
2897;0.867873;0.8777219999999999;8;8
2898;0.86855;0.8604629999999999;8;8
2899;0.8691969999999999;0.836858;8;8
2900;0.8703719999999999;0.8542629999999999;8;8
2901;0.871267;0.854615;8;8
2902;0.8714799999999999;0.71111;8;8
2903;0.8718049999999999;0.803132;8;8
2904;0.87234;0.751257;8;8
2905;0.87261;0.707922;8;8
2906;0.872625;0.741247;8;8
2907;0.874192;0.738368;8;8
2908;0.8749549999999999;0.897242;8;8
2909;0.875545;0.9022469999999999;8;8
2910;0.8764700000000001;0.772588;8;8
2911;0.8771100000000001;0.9173680000000001;8;8
2912;0.8776149999999999;0.9275969999999999;8;8
2913;0.8788870000000001;0.904718;8;8
2914;0.879827;0.88475;8;8
2915;0.880132;0.8864280000000001;8;8
2916;0.880657;0.87175;8;8
2917;0.88123;0.817535;8;8
2918;0.881617;0.762935;8;8
2919;0.882915;0.9160719999999999;8;8
2920;0.8831979999999999;0.8850969999999999;8;8
2921;0.8841600000000001;0.723038;8;8
2922;0.885025;0.8706200000000001;8;8
2923;0.8854270000000001;0.8618520000000001;8;8
2924;0.8859049999999999;0.850382;8;8
2925;0.88679;0.77769;8;8
2926;0.887125;0.744283;8;8
2927;0.887863;0.745223;8;8
2928;0.888697;0.93342;8;8
2929;0.8893479999999999;0.72705;8;8
2930;0.88999;0.818762;8;8
2931;0.890375;0.8961129999999999;8;8
2932;0.8908280000000001;0.8437399999999999;8;8
2933;0.89387;0.90217;8;8
2934;0.8945420000000001;0.9185479999999999;8;8
2935;0.895437;0.748632;8;8
2936;0.896093;0.833888;8;8
2937;0.896458;0.893332;8;8
2938;0.8983770000000001;0.741398;8;8
2939;0.899058;0.8435219999999999;8;8
2940;0.900315;0.741592;8;8
2941;0.9012399999999999;0.801397;8;8
2942;0.901438;0.739812;8;8
2943;0.902257;0.754145;8;8
2944;0.9027299999999999;0.760065;8;8
2945;0.903285;0.8572280000000001;8;8
2946;0.904587;0.883998;8;8
2947;0.905172;0.7593949999999999;8;8
2948;0.9064629999999999;0.811585;8;8
2949;0.907217;0.8667100000000001;8;8
2950;0.90827;0.9125620000000001;8;8
2951;0.908473;0.8152520000000001;8;8
2952;0.9087629999999999;0.88265;8;8
2953;0.911322;0.800333;8;8
2954;0.913;0.7978970000000001;8;8
2955;0.913742;0.776428;8;8
2956;0.915472;0.80274;8;8
2957;0.917608;0.914128;8;8
2958;0.918585;0.769103;8;8
2959;0.9192870000000001;0.7713270000000001;8;8
2960;0.9202370000000001;0.8458870000000001;8;8
2961;0.92185;0.7613979999999999;8;8
2962;0.92251;0.836258;8;8
2963;0.9238879999999999;0.88321;8;8
2964;0.925192;0.811417;8;8
2965;0.925385;0.8633370000000001;8;8
2966;0.926127;0.7871;8;8
2967;0.9267780000000001;0.8331049999999999;8;8
2968;0.927435;0.879878;8;8
2969;0.9280799999999999;0.821808;8;8
2970;0.9285530000000001;0.8574069999999999;8;8
2971;0.9298049999999999;0.882848;8;8
2972;0.9308879999999999;0.82639;8;8
2973;0.931803;0.841492;8;8
2974;0.933278;0.880402;8;8
2975;0.9345049999999999;0.781255;8;8
2976;0.93573;0.8354280000000001;8;8
2977;0.9359430000000001;0.838475;8;8
2978;0.9366399999999999;0.789795;8;8
2979;0.9379219999999999;0.857575;8;8
2980;0.938533;0.867268;8;8
2981;0.939183;0.863627;8;8
2982;0.93985;0.815797;8;8
2983;0.942708;0.803315;8;8
2984;0.9468280000000001;0.8714649999999999;8;8
2985;0.951808;0.803412;8;8
2986;0.953358;0.8279719999999999;8;8
2987;0.955017;0.8473870000000001;8;8
2988;0.956018;0.790538;8;8
2989;0.959025;0.8617100000000001;8;8
2990;0.960993;0.864492;8;8
2991;0.96257;0.833348;8;8
2992;0.9641219999999999;0.86435;8;8
2993;0.965907;0.8357379999999999;8;8
2994;0.967407;0.815507;8;8
2995;0.9681850000000001;0.813512;8;8
2996;0.9722700000000001;0.856772;8;8
2997;0.974593;0.81838;8;8
2998;0.9832049999999999;0.824473;8;8
2999;0.989598;0.8359979999999999;8;8
